id,label
20800,1.2153564e-05
20801,0.9999999
20802,0.9999994
20803,5.5659933e-07
20804,1.0
20805,0.9999993
20806,2.3722583e-05
20807,0.99999535
20808,0.99999857
20809,0.99998033
20810,0.9999976
20811,0.99998784
20812,0.306686
20813,0.9999995
20814,0.9999999
20815,1.5455932e-06
20816,4.6736238e-07
20817,3.865082e-07
20818,1.0
20819,8.741826e-08
20820,0.99999976
20821,0.9999839
20822,0.9999901
20823,0.99999857
20824,0.99999964
20825,1.1958487e-07
20826,0.9999981
20827,9.6998605e-08
20828,6.6105736e-07
20829,0.99999297
20830,6.1883434e-06
20831,0.99999976
20832,2.218196e-06
20833,9.847329e-07
20834,0.9999995
20835,4.0929942e-07
20836,2.6980106e-07
20837,0.9999981
20838,0.99999666
20839,4.3498662e-07
20840,9.632058e-07
20841,4.379369e-07
20842,0.9999919
20843,4.1526033e-07
20844,1.4875732e-05
20845,0.9991334
20846,9.3816524e-08
20847,5.426766e-06
20848,0.9999883
20849,0.9999949
20850,2.3310287e-07
20851,0.9999957
20852,7.859082e-07
20853,0.9999889
20854,0.9999999
20855,1.1632912e-06
20856,1.0
20857,1.2377498e-07
20858,5.386844e-07
20859,1.3582596e-06
20860,0.999997
20861,0.9999987
20862,0.99999976
20863,2.2748159e-08
20864,0.999985
20865,0.9999995
20866,0.999998
20867,0.99999905
20868,0.99999857
20869,3.7366064e-08
20870,0.99999917
20871,0.99999785
20872,0.99991393
20873,1.1520248e-06
20874,2.946137e-07
20875,0.00013231424
20876,2.0300317e-06
20877,2.19788e-06
20878,0.5684684
20879,3.3036187e-08
20880,1.6018841e-05
20881,1.0
20882,2.4004043e-05
20883,0.99999464
20884,0.99999845
20885,1.0
20886,5.383896e-07
20887,3.5630825e-07
20888,2.1698526e-07
20889,2.7123568e-07
20890,0.99999774
20891,0.006795526
20892,1.0416306e-06
20893,0.99999845
20894,0.9999982
20895,2.3049688e-06
20896,1.2708405e-07
20897,8.152303e-07
20898,0.99999213
20899,0.99999976
20900,1.1756256e-05
20901,0.9999999
20902,1.0476435e-07
20903,4.8870552e-05
20904,1.071735e-07
20905,1.0376269e-05
20906,0.99999905
20907,7.998764e-06
20908,0.99935514
20909,0.9999999
20910,0.99996555
20911,0.99718106
20912,4.048026e-08
20913,8.866059e-07
20914,1.4404671e-07
20915,1.8457685e-08
20916,9.472508e-08
20917,1.0
20918,0.1059115
20919,0.9998567
20920,0.17875557
20921,0.048729107
20922,0.99999225
20923,3.0358623e-07
20924,1.2668775e-07
20925,0.9999901
20926,0.9999995
20927,1.2368665e-06
20928,0.99999356
20929,3.3112326e-05
20930,0.9999982
20931,1.4119113e-06
20932,0.99999976
20933,6.453753e-07
20934,2.7801476e-05
20935,2.0304012e-06
20936,3.856459e-07
20937,0.99999917
20938,0.9999999
20939,0.9999988
20940,0.9999336
20941,1.893537e-08
20942,0.9999963
20943,0.99349993
20944,0.99999964
20945,2.1757737e-06
20946,0.9999993
20947,0.9999999
20948,5.281074e-06
20949,9.334952e-06
20950,0.99999976
20951,1.712025e-06
20952,8.165569e-07
20953,0.9999924
20954,1.5439931e-05
20955,1.0
20956,2.1170043e-05
20957,0.99999774
20958,5.5798114e-07
20959,0.99999964
20960,1.0
20961,0.99999404
20962,0.99999595
20963,0.99997103
20964,4.503715e-07
20965,0.99999917
20966,3.6737255e-08
20967,0.9999931
20968,0.99999475
20969,7.996942e-08
20970,0.0008017092
20971,1.3295239e-06
20972,1.8824338e-07
20973,0.99999917
20974,4.3018218e-07
20975,0.0015369612
20976,2.3617179e-07
20977,5.7129542e-05
20978,2.7520919e-08
20979,5.8393886e-07
20980,5.431866e-06
20981,3.10164e-08
20982,3.3489877e-07
20983,0.1465093
20984,1.2950495e-07
20985,0.9999963
20986,0.9999982
20987,3.0366616e-07
20988,0.99998283
20989,5.7211224e-08
20990,0.99999917
20991,2.932097e-07
20992,2.3219395e-06
20993,4.173777e-07
20994,0.9999993
20995,0.9999989
20996,0.8327234
20997,0.9999975
20998,0.9999995
20999,0.00032617725
21000,5.8277726e-07
21001,0.99998677
21002,6.4053125e-07
21003,0.16707738
21004,0.99999714
21005,0.9999999
21006,0.99999976
21007,0.9999999
21008,2.0517879e-08
21009,3.2870827e-05
21010,7.3045735e-06
21011,0.9999995
21012,0.9999999
21013,3.869135e-07
21014,0.99999607
21015,0.99999976
21016,0.9999981
21017,3.378816e-05
21018,3.0019066e-06
21019,0.9999875
21020,5.28092e-07
21021,0.9999802
21022,4.8502795e-08
21023,5.019558e-08
21024,1.0
21025,0.99999464
21026,1.0
21027,0.99999976
21028,7.378275e-05
21029,9.573699e-06
21030,6.2492268e-06
21031,2.0892887e-06
21032,1.0
21033,0.99990034
21034,0.99999976
21035,1.0
21036,0.99999976
21037,0.9999995
21038,0.99999475
21039,1.0695521e-07
21040,0.13060685
21041,0.9991954
21042,4.218597e-07
21043,0.99999964
21044,0.99999905
21045,1.4652934e-06
21046,1.6040518e-05
21047,0.9999995
21048,0.00053029746
21049,0.9999939
21050,0.9999999
21051,0.9999995
21052,0.99999774
21053,2.6441614e-07
21054,0.9999993
21055,1.4027496e-07
21056,5.745991e-07
21057,0.99999857
21058,0.9995629
21059,0.9999976
21060,0.02453266
21061,0.99999964
21062,1.0
21063,6.137014e-07
21064,0.9999999
21065,0.99999976
21066,0.9999999
21067,0.99999976
21068,6.56884e-08
21069,1.0
21070,1.2073058e-06
21071,4.3837105e-07
21072,0.99999845
21073,0.9999999
21074,5.031948e-07
21075,4.281815e-07
21076,1.06200424e-07
21077,4.876462e-06
21078,4.956552e-05
21079,0.99999964
21080,0.9999976
21081,0.99999976
21082,0.029892785
21083,0.9999999
21084,0.9999999
21085,2.2705687e-07
21086,3.3194064e-07
21087,0.9999982
21088,6.3370194e-08
21089,0.99999964
21090,6.0017607e-07
21091,0.9999987
21092,4.289329e-05
21093,0.99999297
21094,0.9999974
21095,0.99999976
21096,0.99999964
21097,9.406199e-08
21098,0.9999993
21099,5.677337e-07
21100,1.9958226e-07
21101,6.623101e-08
21102,0.9999995
21103,0.99999905
21104,0.99999714
21105,0.00041344098
21106,0.99999964
21107,1.0
21108,0.034616016
21109,5.306574e-06
21110,2.998897e-07
21111,0.9999759
21112,1.0
21113,8.96071e-07
21114,1.16454455e-08
21115,0.99911946
21116,8.2521836e-07
21117,0.9999999
21118,1.4224828e-07
21119,0.99999917
21120,3.8970126e-07
21121,5.4398475e-07
21122,4.1626782e-07
21123,0.99999976
21124,1.9668319e-07
21125,0.9999995
21126,0.9999825
21127,5.601383e-07
21128,5.7183193e-08
21129,1.0
21130,0.99999726
21131,8.383359e-05
21132,0.9999964
21133,0.9999987
21134,3.1219531e-06
21135,1.0
21136,0.99999833
21137,1.7843014e-08
21138,9.828343e-08
21139,5.6203753e-06
21140,0.9999988
21141,8.5994276e-07
21142,0.9999974
21143,3.0409478e-07
21144,0.99999976
21145,7.517293e-06
21146,6.421934e-06
21147,0.9984475
21148,3.1032676e-05
21149,1.0
21150,6.4873893e-07
21151,3.354874e-05
21152,0.9999995
21153,0.99999976
21154,1.8793769e-06
21155,0.99828607
21156,1.0
21157,0.19468571
21158,0.00018683562
21159,1.8203598e-06
21160,0.99915576
21161,0.0061380714
21162,0.99999964
21163,0.99999964
21164,0.99999416
21165,1.0323868e-06
21166,0.9999999
21167,0.999995
21168,8.047423e-05
21169,1.0650882e-06
21170,2.1705614e-06
21171,0.99778265
21172,3.415385e-08
21173,7.4661384e-06
21174,0.9999919
21175,2.1970091e-07
21176,0.9999993
21177,0.9999962
21178,8.438176e-07
21179,4.7254514e-05
21180,7.511789e-06
21181,0.9999925
21182,0.99999976
21183,3.4503074e-07
21184,0.8643717
21185,0.99980515
21186,0.024250105
21187,0.9999982
21188,8.27768e-09
21189,7.520889e-07
21190,0.9999999
21191,0.99999845
21192,7.840846e-06
21193,0.99999416
21194,2.6906233e-05
21195,1.0
21196,0.8632676
21197,4.088952e-08
21198,2.0976827e-07
21199,7.054182e-08
21200,1.6920098e-06
21201,4.6157227e-05
21202,1.5027535e-07
21203,4.3812614e-07
21204,0.99999976
21205,2.6571697e-06
21206,8.489233e-06
21207,0.99999976
21208,2.672698e-07
21209,1.7781271e-07
21210,0.9999851
21211,8.7740875e-07
21212,3.2599335e-06
21213,1.0334012e-05
21214,3.5336996e-06
21215,7.238308e-06
21216,1.1216641e-06
21217,1.1048159e-06
21218,0.9999722
21219,0.010692331
21220,9.75712e-07
21221,1.3963833e-06
21222,0.9999944
21223,1.5557334e-06
21224,0.99998367
21225,1.0
21226,1.6334668e-06
21227,0.6918375
21228,2.191838e-07
21229,1.192875e-06
21230,6.792544e-06
21231,0.9999888
21232,2.2034867e-07
21233,0.9963391
21234,1.4228508e-05
21235,6.9294407e-07
21236,9.3745115e-07
21237,0.9999995
21238,0.9999995
21239,1.1183851e-06
21240,1.0
21241,1.8895988e-05
21242,0.9999889
21243,2.9848794e-05
21244,3.307481e-07
21245,1.0
21246,7.474927e-08
21247,0.99999833
21248,1.2057423e-08
21249,8.514859e-07
21250,0.9999702
21251,0.9999869
21252,0.99999964
21253,1.0
21254,1.7468424e-06
21255,2.0330056e-06
21256,4.4160628e-05
21257,0.71674466
21258,0.9999999
21259,1.5969353e-07
21260,6.930777e-08
21261,0.001126846
21262,1.4809394e-06
21263,5.210662e-07
21264,7.66329e-08
21265,3.0314993e-07
21266,0.00024246804
21267,1.1228601e-07
21268,4.9017377e-08
21269,1.8176537e-06
21270,0.9999988
21271,1.7378625e-08
21272,1.52043e-07
21273,1.8510729e-06
21274,0.9999932
21275,2.4889944e-06
21276,0.9999988
21277,0.9999976
21278,7.7212945e-07
21279,0.9999993
21280,0.99987626
21281,0.21180162
21282,0.99999976
21283,6.817003e-06
21284,1.5868063e-07
21285,3.6176115e-08
21286,1.0
21287,0.9999999
21288,8.290008e-08
21289,4.946014e-07
21290,5.781442e-09
21291,0.0034574463
21292,2.5513066e-06
21293,0.9999981
21294,3.3764388e-07
21295,1.3130664e-05
21296,1.2087708e-07
21297,0.9999908
21298,0.99999976
21299,1.0
21300,0.9999993
21301,1.5629413e-07
21302,2.6579326e-07
21303,0.9999999
21304,0.9999497
21305,1.0
21306,3.8387167e-08
21307,3.731171e-05
21308,1.7142585e-07
21309,0.010745457
21310,1.0
21311,0.99999964
21312,0.99999964
21313,5.372557e-05
21314,1.9817249e-07
21315,0.99999917
21316,1.2801311e-05
21317,1.6700884e-06
21318,5.0631834e-06
21319,1.0036268e-07
21320,3.8593436e-05
21321,4.66197e-06
21322,1.0
21323,0.99999976
21324,7.0849032e-06
21325,0.9999995
21326,5.74803e-06
21327,1.7804664e-08
21328,0.9999871
21329,0.9999999
21330,0.9999964
21331,0.9999981
21332,4.516607e-06
21333,0.99587554
21334,0.99999976
21335,8.441618e-06
21336,0.9999957
21337,4.1731113e-05
21338,0.99999976
21339,1.1957056e-05
21340,0.99999857
21341,0.9999995
21342,0.9999994
21343,0.58308274
21344,1.2134396e-06
21345,0.999998
21346,1.3524957e-05
21347,5.143232e-07
21348,0.9999974
21349,1.8409679e-07
21350,2.7022077e-05
21351,0.9999943
21352,6.6178116e-05
21353,0.9999999
21354,0.9999999
21355,1.1021503e-05
21356,0.9999988
21357,5.8547187e-08
21358,1.3711868e-05
21359,0.999992
21360,8.2199875e-07
21361,0.9999976
21362,1.52775e-05
21363,3.2764072e-07
21364,0.9999591
21365,0.99999654
21366,3.6463898e-05
21367,0.9999988
21368,0.9996387
21369,1.5251499e-05
21370,0.9999999
21371,4.520205e-06
21372,1.0
21373,2.6186568e-08
21374,2.2560773e-06
21375,2.0430353e-07
21376,0.002611362
21377,0.9999999
21378,2.720356e-05
21379,0.9999988
21380,1.2020225e-05
21381,2.121407e-06
21382,1.0
21383,0.99999833
21384,1.100262e-05
21385,0.9999851
21386,0.99999917
21387,0.99999726
21388,1.982883e-06
21389,0.99999964
21390,0.9999982
21391,0.9999943
21392,7.655446e-06
21393,9.217737e-06
21394,4.4653527e-07
21395,5.9011434e-08
21396,2.7761234e-05
21397,1.0130256e-07
21398,3.651504e-07
21399,7.316506e-07
21400,1.0
21401,3.6095225e-05
21402,0.99999785
21403,1.0
21404,3.36101e-06
21405,9.814712e-07
21406,4.743046e-07
21407,0.9999051
21408,3.5045003e-05
21409,7.1766756e-08
21410,0.99999976
21411,0.9999994
21412,5.7691846e-08
21413,4.8443815e-07
21414,1.2450547e-05
21415,0.022218268
21416,1.0
21417,3.8480825e-06
21418,1.5363614e-05
21419,1.0
21420,0.9999988
21421,0.00019338273
21422,0.9999999
21423,4.5508105e-07
21424,4.05117e-07
21425,2.51482e-07
21426,0.9999994
21427,1.7137335e-06
21428,1.0
21429,1.9541623e-08
21430,0.15301867
21431,0.9999651
21432,7.83388e-08
21433,1.0
21434,3.6799856e-06
21435,3.2521606e-05
21436,1.7336472e-05
21437,0.9999795
21438,1.7640134e-06
21439,0.99999774
21440,0.0004519045
21441,0.99998975
21442,0.9999981
21443,0.99999857
21444,9.010163e-07
21445,1.0
21446,0.99998856
21447,6.780137e-07
21448,0.9999926
21449,0.99999976
21450,1.0
21451,0.9999949
21452,4.2855692e-08
21453,0.9999999
21454,2.9664609e-08
21455,0.99681807
21456,2.390914e-05
21457,0.9999987
21458,1.4441744e-06
21459,1.874698e-07
21460,0.9999999
21461,0.9999994
21462,2.2439397e-05
21463,0.99999964
21464,9.608021e-07
21465,7.37388e-06
21466,3.1902807e-06
21467,4.32862e-07
21468,0.9999945
21469,1.3941602e-05
21470,4.393106e-07
21471,0.9999993
21472,0.0012379168
21473,2.2650492e-07
21474,1.2469011e-05
21475,1.8727735e-07
21476,0.99999976
21477,0.9999964
21478,4.547066e-08
21479,0.9999949
21480,0.9999999
21481,4.715601e-07
21482,1.0
21483,6.648939e-07
21484,8.156572e-07
21485,0.9999944
21486,0.0063668643
21487,0.9999995
21488,0.99432147
21489,9.858604e-07
21490,9.131471e-05
21491,1.24509e-07
21492,0.99999976
21493,0.9999987
21494,3.8872836e-06
21495,2.7326832e-05
21496,0.9999995
21497,8.120573e-06
21498,0.9999999
21499,2.331655e-08
21500,3.2681436e-07
21501,3.34384e-07
21502,4.0168493e-06
21503,0.9999999
21504,0.9988564
21505,0.9999982
21506,0.99999976
21507,1.5098376e-05
21508,2.0059454e-07
21509,0.003912212
21510,3.0942132e-07
21511,0.9999881
21512,1.0425467e-05
21513,0.9999995
21514,6.0334783e-06
21515,6.3099153e-09
21516,0.9999993
21517,0.9999999
21518,9.2753913e-07
21519,0.011977683
21520,0.9999962
21521,7.611926e-08
21522,0.99999714
21523,0.99999905
21524,0.99999845
21525,5.6010034e-08
21526,3.013072e-08
21527,1.7897264e-07
21528,0.9999987
21529,4.8885748e-05
21530,1.3709259e-06
21531,4.9286206e-07
21532,1.3842788e-07
21533,1.6249616e-07
21534,1.3815892e-05
21535,8.4422487e-07
21536,4.2101487e-07
21537,1.0
21538,0.99999976
21539,4.309033e-05
21540,1.0
21541,0.9999999
21542,1.808191e-08
21543,0.0011907286
21544,0.9999999
21545,2.010105e-07
21546,8.560506e-08
21547,2.159305e-06
21548,0.1376948
21549,1.5474116e-07
21550,0.99999976
21551,0.99997234
21552,0.9999956
21553,1.0
21554,2.0308044e-06
21555,0.9999975
21556,4.5840146e-08
21557,3.9965254e-08
21558,0.9999949
21559,0.999997
21560,7.1830976e-07
21561,1.1964003e-05
21562,0.00068262295
21563,0.00023244071
21564,0.99999917
21565,0.999997
21566,2.3450164e-06
21567,0.9999999
21568,1.9964335e-07
21569,1.2190857e-07
21570,3.37278e-07
21571,0.9999987
21572,7.885012e-07
21573,0.99997115
21574,3.6475396e-07
21575,3.8985207e-05
21576,2.4108006e-08
21577,0.9999727
21578,0.9999994
21579,0.99997926
21580,0.9999485
21581,0.99999297
21582,1.0
21583,0.9999999
21584,0.99999976
21585,0.9999999
21586,7.8734425e-05
21587,0.009279606
21588,1.9421789e-08
21589,9.624796e-07
21590,1.2121362e-06
21591,2.6122171e-07
21592,9.671214e-07
21593,0.99999774
21594,0.9999931
21595,4.2756412e-07
21596,1.8208009e-06
21597,1.0
21598,1.0892786e-06
21599,0.9999999
21600,4.6790296e-06
21601,1.1625294e-06
21602,0.99999917
21603,0.99999714
21604,6.836299e-08
21605,3.5847047e-06
21606,1.5908474e-06
21607,0.99999285
21608,1.6708404e-07
21609,0.99999964
21610,1.0
21611,0.99999964
21612,0.9999988
21613,4.198701e-07
21614,0.9999913
21615,1.5708763e-06
21616,4.4116547e-07
21617,9.532751e-09
21618,1.0
21619,2.5420652e-06
21620,1.6559275e-06
21621,0.99999917
21622,7.523129e-08
21623,0.9999752
21624,0.99999857
21625,2.792269e-07
21626,0.9999213
21627,0.9999763
21628,0.9999995
21629,0.9999995
21630,1.6943995e-06
21631,0.99999964
21632,3.5444764e-06
21633,1.0
21634,0.00029054287
21635,0.9999981
21636,8.707012e-07
21637,0.9999999
21638,6.431438e-08
21639,0.99999917
21640,0.999998
21641,0.9999982
21642,3.7299984e-08
21643,1.5374796e-06
21644,2.0728623e-07
21645,0.9999546
21646,5.893781e-07
21647,5.4538987e-08
21648,5.3056607e-07
21649,0.9999312
21650,0.99999964
21651,0.9999989
21652,0.99998546
21653,2.3315131e-05
21654,0.9999939
21655,1.1669091e-06
21656,0.99998593
21657,0.99999714
21658,0.9999993
21659,8.1459476e-08
21660,0.0006938417
21661,0.99999964
21662,0.00012836952
21663,0.9999968
21664,3.0370575e-08
21665,0.98124105
21666,6.933891e-05
21667,1.0
21668,1.0
21669,2.8449385e-08
21670,0.9999994
21671,0.00014080116
21672,0.00013426527
21673,0.9999995
21674,9.703614e-07
21675,1.8128169e-06
21676,8.2402687e-07
21677,0.9999999
21678,0.9994758
21679,5.464821e-08
21680,7.8626215e-08
21681,0.99999964
21682,0.9999801
21683,0.9999995
21684,0.9999987
21685,0.9999819
21686,0.9999143
21687,0.99999666
21688,0.999998
21689,0.99999917
21690,0.9999999
21691,2.9718302e-07
21692,0.99999964
21693,0.00012541271
21694,0.04560335
21695,0.9999968
21696,1.4607588e-07
21697,2.8899167e-06
21698,3.485792e-07
21699,0.9999999
21700,0.99999845
21701,2.9921974e-08
21702,0.0007785996
21703,0.0003530372
21704,1.34112685e-08
21705,0.9999999
21706,1.6842918e-06
21707,0.99999976
21708,0.9999982
21709,0.99999714
21710,1.3805743e-06
21711,3.7797412e-07
21712,0.9999999
21713,1.0
21714,0.9999994
21715,0.9999999
21716,0.0020044872
21717,1.7176754e-07
21718,0.99999726
21719,1.4146743e-06
21720,3.0626223e-05
21721,0.9999999
21722,0.9999994
21723,0.99999845
21724,3.1207062e-08
21725,0.9996088
21726,0.9999994
21727,1.1469468e-05
21728,3.6089386e-07
21729,0.9999901
21730,0.9999995
21731,4.308793e-07
21732,0.999874
21733,0.9999989
21734,3.6890472e-07
21735,1.0644021e-05
21736,3.257688e-07
21737,2.257424e-07
21738,0.99999917
21739,0.00013169507
21740,0.9999974
21741,0.9999999
21742,0.99999297
21743,0.9999995
21744,0.99999404
21745,1.4659853e-06
21746,0.99999297
21747,0.99999857
21748,0.9999995
21749,0.99999416
21750,0.99999857
21751,2.5513164e-06
21752,1.6598723e-07
21753,0.9999875
21754,0.00013671932
21755,7.7600735e-06
21756,0.9999993
21757,0.9991027
21758,1.0407642e-07
21759,1.5370895e-07
21760,0.9999964
21761,1.0803344e-07
21762,0.9999759
21763,0.99999964
21764,1.6912492e-05
21765,0.9999927
21766,0.99999976
21767,1.9322397e-06
21768,3.6645093e-07
21769,0.99999976
21770,9.371005e-06
21771,1.1847804e-08
21772,8.2918166e-07
21773,9.807632e-08
21774,0.9999995
21775,4.9273276e-06
21776,7.251266e-08
21777,4.370013e-06
21778,0.9999999
21779,0.0002021898
21780,4.818689e-07
21781,5.011504e-07
21782,1.0
21783,0.99999976
21784,0.9999865
21785,1.0
21786,7.2018577e-07
21787,2.592522e-06
21788,3.9787813e-07
21789,1.0
21790,0.9999819
21791,1.9002913e-05
21792,0.022929568
21793,8.644431e-08
21794,0.9999999
21795,3.926833e-05
21796,0.9999988
21797,2.274487e-07
21798,0.9999969
21799,2.1078975e-08
21800,2.142921e-07
21801,0.9999926
21802,0.99999607
21803,0.9999989
21804,4.1245898e-05
21805,7.380223e-08
21806,0.9999999
21807,1.0
21808,0.99998903
21809,0.9999964
21810,0.99774605
21811,0.9999957
21812,5.687541e-07
21813,1.0351879e-06
21814,0.99999964
21815,6.4029095e-06
21816,0.9999999
21817,2.7481583e-06
21818,0.9999999
21819,5.643001e-07
21820,2.0378027e-05
21821,0.99999917
21822,2.306983e-06
21823,3.9329407e-07
21824,0.9999999
21825,1.6536013e-06
21826,0.99999857
21827,0.9999987
21828,0.99999905
21829,0.9999931
21830,0.9999999
21831,0.99999964
21832,0.99995995
21833,0.9797212
21834,0.99999297
21835,1.0
21836,1.7640755e-08
21837,0.9999995
21838,1.9155687e-08
21839,0.99999976
21840,0.9999958
21841,1.0
21842,1.975603e-08
21843,1.4503672e-05
21844,0.9999993
21845,2.7770122e-06
21846,3.6925146e-06
21847,0.99999964
21848,0.99999976
21849,0.9999987
21850,0.99999774
21851,0.9999987
21852,2.3642208e-08
21853,0.9999995
21854,0.99649906
21855,0.9999931
21856,3.815046e-08
21857,0.9999964
21858,0.00028550296
21859,1.9469394e-06
21860,2.7961033e-07
21861,0.99999774
21862,0.9999951
21863,0.9999994
21864,7.858296e-06
21865,0.9999999
21866,0.99999976
21867,6.746263e-08
21868,3.662197e-05
21869,0.99999976
21870,0.9999999
21871,2.567616e-07
21872,8.443957e-08
21873,0.9999994
21874,0.99999976
21875,0.99999666
21876,5.4564794e-08
21877,4.8756665e-06
21878,1.0
21879,0.9999999
21880,2.7834499e-06
21881,0.9758187
21882,0.99999976
21883,0.019044347
21884,0.9999999
21885,1.3683666e-07
21886,6.747471e-07
21887,3.7693045e-08
21888,0.9999958
21889,1.0604639e-07
21890,0.9998412
21891,1.5632813e-07
21892,1.0023485e-08
21893,1.7525323e-05
21894,3.5197886e-06
21895,1.0
21896,0.9999999
21897,2.5029003e-06
21898,7.021789e-07
21899,0.99999857
21900,2.0101434e-07
21901,0.99999917
21902,1.0
21903,0.99999976
21904,0.99998736
21905,1.0
21906,0.99999917
21907,0.99999726
21908,0.99975246
21909,4.2375763e-07
21910,0.9993926
21911,2.9581269e-08
21912,1.6468277e-07
21913,1.3148631e-06
21914,0.9999999
21915,0.99999964
21916,7.208294e-06
21917,5.18236e-07
21918,2.81017e-06
21919,2.8969149e-07
21920,1.96682e-06
21921,0.9999796
21922,1.0918933e-06
21923,1.7856144e-07
21924,1.4465959e-05
21925,5.5986115e-05
21926,1.1954887e-06
21927,0.9999999
21928,0.9999999
21929,0.99999976
21930,0.9999994
21931,0.99999976
21932,0.99999976
21933,0.9999926
21934,0.9999988
21935,1.7978768e-05
21936,0.99999917
21937,0.018837003
21938,0.9999999
21939,0.99999976
21940,0.99980134
21941,4.2957763e-06
21942,3.444236e-06
21943,0.9999995
21944,0.99999976
21945,0.99999976
21946,0.9999993
21947,0.9999938
21948,9.35071e-08
21949,2.367728e-07
21950,0.9999999
21951,0.99999976
21952,1.7628265e-07
21953,2.0155578e-06
21954,1.0
21955,0.9999999
21956,2.8276277e-06
21957,0.9999999
21958,3.8669177e-06
21959,1.303318e-08
21960,0.9999974
21961,6.5960608e-06
21962,5.2876e-06
21963,2.9262392e-07
21964,1.0905865e-05
21965,0.9962811
21966,1.0
21967,1.9045544e-07
21968,0.99999845
21969,0.9993783
21970,1.15055755e-05
21971,0.99999595
21972,4.491543e-06
21973,1.939288e-06
21974,0.9999968
21975,0.99993145
21976,0.99986506
21977,3.5804271e-06
21978,0.9999994
21979,5.434128e-07
21980,1.6867609e-06
21981,0.99999976
21982,1.02804464e-07
21983,0.00010245674
21984,0.9999994
21985,0.99999166
21986,8.50142e-09
21987,0.99993193
21988,1.9286624e-06
21989,5.167799e-06
21990,0.99999833
21991,4.643578e-06
21992,0.99999976
21993,0.99999833
21994,0.9999989
21995,0.99998903
21996,2.592376e-06
21997,1.248891e-05
21998,7.334998e-07
21999,1.3683278e-06
22000,1.0
22001,0.99999976
22002,0.99999404
22003,0.99999726
22004,0.9999993
22005,0.99999976
22006,0.9999801
22007,1.1334616e-08
22008,2.8327725e-07
22009,0.00085721875
22010,1.7684195e-05
22011,0.99999917
22012,0.65073913
22013,0.0010333118
22014,0.0014937866
22015,1.9298511e-06
22016,6.060398e-06
22017,5.2658727e-08
22018,3.125705e-07
22019,0.9999989
22020,0.99999917
22021,0.99999416
22022,1.1596051e-06
22023,0.9999999
22024,1.7312016e-06
22025,2.4196092e-07
22026,0.9999938
22027,0.99999297
22028,1.6645042e-07
22029,0.9999989
22030,0.99999976
22031,0.99998975
22032,9.001585e-08
22033,0.99998236
22034,0.99999964
22035,1.6129317e-05
22036,4.2525187e-08
22037,8.597584e-08
22038,0.99999785
22039,4.5414674e-07
22040,1.0136833e-06
22041,0.99999905
22042,1.0
22043,0.0005287041
22044,1.0329876e-06
22045,0.9999994
22046,0.9999999
22047,2.299863e-07
22048,2.3799807e-06
22049,0.99999976
22050,1.5387794e-05
22051,6.1391256e-06
22052,9.995041e-06
22053,1.0593279e-05
22054,0.9999995
22055,0.9999838
22056,0.99984944
22057,0.99999785
22058,0.99999964
22059,0.99992
22060,2.2742304e-08
22061,0.33152363
22062,0.99999976
22063,5.492521e-06
22064,6.0904405e-08
22065,0.9999857
22066,1.0
22067,7.265414e-07
22068,0.99999833
22069,0.9999999
22070,1.0
22071,0.999997
22072,2.1592567e-07
22073,3.516202e-07
22074,0.9999497
22075,6.0199247e-05
22076,7.052097e-08
22077,1.3076374e-07
22078,7.1341606e-06
22079,8.7057515e-06
22080,3.552604e-08
22081,0.9999993
22082,2.4798632e-05
22083,4.6650235e-05
22084,2.69503e-06
22085,0.9999987
22086,0.99999905
22087,0.9999981
22088,2.6854036e-07
22089,1.0
22090,0.99999666
22091,5.9592635e-06
22092,0.99999964
22093,0.99992955
22094,1.4415735e-06
22095,1.4825685e-07
22096,0.9999999
22097,1.210328e-07
22098,0.0021263084
22099,8.2997593e-07
22100,2.9488075e-07
22101,2.7059984e-06
22102,0.9999261
22103,3.7763282e-08
22104,0.99999917
22105,2.1633542e-07
22106,2.9668046e-05
22107,1.6234577e-06
22108,0.9999999
22109,2.0515026e-05
22110,0.9999769
22111,0.9999888
22112,1.0
22113,0.99999404
22114,1.986459e-07
22115,0.99999964
22116,8.248116e-07
22117,3.6288696e-07
22118,8.804306e-06
22119,1.2917662e-06
22120,0.99997866
22121,0.9999993
22122,0.99999917
22123,0.9999994
22124,7.009886e-06
22125,3.4564817e-08
22126,0.99999857
22127,0.9999999
22128,5.223314e-05
22129,2.114227e-06
22130,0.9991516
22131,0.9999999
22132,0.00019866173
22133,0.9999999
22134,3.1782204e-07
22135,3.839728e-08
22136,3.078458e-05
22137,1.6907599e-06
22138,4.1658947e-08
22139,2.3171341e-07
22140,9.520816e-08
22141,9.260117e-06
22142,0.9999995
22143,2.2872111e-08
22144,0.9999895
22145,2.6341207e-08
22146,0.99999845
22147,1.0
22148,0.03573503
22149,0.99999964
22150,3.7816983e-05
22151,2.662715e-06
22152,1.0
22153,9.3399234e-07
22154,7.564083e-07
22155,0.9999939
22156,6.0905436e-06
22157,0.9999994
22158,0.99999857
22159,0.9999994
22160,0.9999995
22161,0.9999907
22162,0.0009478954
22163,0.0038148384
22164,6.267941e-07
22165,0.9999908
22166,0.9999999
22167,7.521504e-09
22168,0.9999993
22169,0.9999999
22170,1.440062e-07
22171,1.0268878e-05
22172,0.9997992
22173,6.9465653e-07
22174,0.99987185
22175,8.516989e-08
22176,1.932524e-05
22177,0.9485504
22178,0.9999989
22179,3.86946e-07
22180,4.112592e-06
22181,1.0
22182,6.6570734e-05
22183,6.9538687e-06
22184,0.9999999
22185,0.99999607
22186,1.0
22187,1.1242033e-06
22188,1.0285198e-06
22189,4.978245e-08
22190,2.6874257e-05
22191,7.411822e-08
22192,0.9999995
22193,0.99999535
22194,1.3080128e-07
22195,0.9999994
22196,5.3667965e-05
22197,0.99999964
22198,0.9999726
22199,5.8053624e-06
22200,3.899682e-07
22201,6.0448946e-07
22202,1.4159123e-05
22203,0.99999213
22204,0.9999995
22205,1.8965101e-06
22206,2.7176543e-06
22207,1.9766155e-07
22208,0.999992
22209,0.99999917
22210,4.458744e-07
22211,1.0
22212,0.9999974
22213,1.0
22214,0.99998546
22215,1.6814208e-06
22216,7.162267e-05
22217,0.9999584
22218,1.7336983e-07
22219,0.9999988
22220,0.011801381
22221,0.9999651
22222,1.0
22223,0.9999999
22224,0.9999994
22225,0.99999297
22226,1.6106195e-06
22227,3.7778489e-06
22228,1.0
22229,0.99999857
22230,0.99998987
22231,0.99999964
22232,5.8573653e-07
22233,3.6579866e-08
22234,0.0008150759
22235,3.7049665e-06
22236,1.0
22237,0.9999994
22238,0.9999999
22239,0.99999964
22240,6.839475e-07
22241,3.7619543e-07
22242,0.9999989
22243,3.8529884e-06
22244,0.99999094
22245,0.9999999
22246,2.9584757e-05
22247,6.805577e-06
22248,0.9999995
22249,2.9046465e-05
22250,0.9999968
22251,5.4901852e-06
22252,0.9999999
22253,3.8235185e-06
22254,6.3562663e-07
22255,1.0524407e-06
22256,0.9999962
22257,1.7170265e-06
22258,0.9999666
22259,1.0
22260,0.32324392
22261,1.9094995e-07
22262,0.99999917
22263,3.7685144e-08
22264,0.99999857
22265,1.0
22266,2.2596243e-08
22267,1.3634661e-05
22268,0.9999995
22269,0.9999993
22270,1.7959022e-07
22271,1.5203908e-07
22272,0.9653877
22273,0.99999976
22274,1.027482e-07
22275,0.9999856
22276,0.99999833
22277,4.711138e-05
22278,0.9999993
22279,0.99999976
22280,2.6298997e-07
22281,3.4544985e-07
22282,0.9919159
22283,0.9724832
22284,6.9277763e-07
22285,0.99996364
22286,0.9999999
22287,2.245793e-06
22288,0.00022586662
22289,0.99999964
22290,1.4862421e-07
22291,7.7473607e-07
22292,1.3584588e-07
22293,1.5961085e-06
22294,3.0696216e-07
22295,0.9999999
22296,3.349e-08
22297,2.9938792e-07
22298,0.0604581
22299,0.99470335
22300,0.99999976
22301,0.9999999
22302,2.3114111e-05
22303,0.0073845577
22304,0.9999999
22305,0.99999976
22306,0.9999987
22307,0.99999833
22308,2.8072984e-06
22309,8.252419e-07
22310,6.771482e-05
22311,2.6956307e-08
22312,0.00013459176
22313,0.72014344
22314,0.9999999
22315,0.9999989
22316,0.9999969
22317,2.6427696e-07
22318,4.4917562e-07
22319,0.99999833
22320,2.4785275e-05
22321,0.9999999
22322,4.9871305e-06
22323,0.9999883
22324,4.689043e-08
22325,0.99998474
22326,0.9999987
22327,6.970881e-08
22328,0.9999999
22329,0.9999999
22330,0.99997926
22331,0.99999774
22332,1.4748107e-05
22333,0.9998828
22334,0.9999999
22335,1.938428e-06
22336,8.686023e-06
22337,6.650087e-07
22338,0.999984
22339,0.00031768982
22340,0.005970332
22341,4.6618183e-07
22342,0.99999964
22343,6.664482e-06
22344,1.5693205e-07
22345,6.867501e-07
22346,2.2618321e-08
22347,0.99997616
22348,7.721433e-05
22349,9.248084e-08
22350,0.99979407
22351,5.03785e-07
22352,0.9999994
22353,0.9999999
22354,1.0
22355,0.00013274515
22356,0.9999994
22357,0.9999628
22358,0.9999944
22359,0.9999999
22360,0.9999988
22361,9.313331e-08
22362,0.00019051356
22363,1.3694101e-06
22364,0.99999774
22365,0.9999993
22366,0.99999356
22367,4.7660893e-07
22368,4.9111336e-06
22369,1.9558873e-05
22370,0.9999875
22371,0.9999503
22372,0.9999987
22373,0.99999917
22374,1.9483237e-07
22375,3.3875307e-07
22376,1.0445572e-06
22377,0.9999999
22378,0.99999964
22379,0.9999604
22380,4.8461e-06
22381,1.0
22382,0.9999995
22383,0.99999976
22384,6.853794e-08
22385,0.9999827
22386,1.0
22387,0.9999999
22388,5.51713e-07
22389,0.9999962
22390,4.4881094e-06
22391,0.9999994
22392,3.9970286e-07
22393,0.9999999
22394,5.1835065e-07
22395,1.0
22396,1.4734123e-07
22397,0.9971245
22398,0.00010003643
22399,0.99999297
22400,4.997529e-08
22401,0.99999976
22402,2.4581414e-07
22403,0.99999905
22404,0.037122082
22405,0.9999927
22406,0.99999964
22407,0.9999702
22408,7.1528134e-06
22409,4.2416136e-06
22410,7.5554494e-06
22411,1.769673e-05
22412,0.99999976
22413,1.5368479e-06
22414,0.9999999
22415,0.9999989
22416,1.08033035e-07
22417,0.05171651
22418,0.99999976
22419,0.9999999
22420,2.45552e-06
22421,2.1486828e-06
22422,6.1453347e-06
22423,3.3534172e-07
22424,2.072929e-06
22425,0.99999833
22426,3.857868e-05
22427,0.9999994
22428,0.9999292
22429,8.311144e-08
22430,1.4544119e-06
22431,0.9999999
22432,0.99999785
22433,0.99415636
22434,0.99999917
22435,0.9999999
22436,1.4386125e-05
22437,1.2982517e-08
22438,0.99999726
22439,0.0016211409
22440,0.99973565
22441,1.0
22442,0.9999999
22443,0.0020637421
22444,0.9999995
22445,1.2007563e-06
22446,8.1837885e-07
22447,0.99999964
22448,0.9999995
22449,0.9999999
22450,0.9999999
22451,0.9999999
22452,1.2502935e-07
22453,5.999214e-07
22454,0.99999905
22455,0.99999845
22456,0.9999999
22457,6.421056e-08
22458,5.120333e-07
22459,3.227875e-05
22460,2.4626274e-07
22461,0.99999774
22462,0.0005394326
22463,4.622828e-07
22464,2.8000146e-08
22465,0.9974316
22466,0.9999988
22467,0.9999982
22468,1.576435e-07
22469,3.8077548e-07
22470,0.00019324744
22471,0.9999994
22472,7.533493e-09
22473,0.99999917
22474,6.1322617e-06
22475,0.99999917
22476,0.99997246
22477,0.9999871
22478,0.9999999
22479,1.3985935e-05
22480,0.9999999
22481,0.99999714
22482,0.99995244
22483,3.2926172e-07
22484,1.0
22485,1.0615384e-05
22486,0.9999987
22487,0.99873465
22488,2.1232895e-06
22489,4.7301216e-07
22490,5.586538e-06
22491,0.9999988
22492,7.653898e-08
22493,4.2383846e-07
22494,0.99999964
22495,2.8564658e-08
22496,6.917696e-05
22497,4.0734253e-06
22498,0.99999523
22499,1.9371352e-07
22500,0.00016603275
22501,1.1009756e-06
22502,3.2661703e-08
22503,8.7310944e-08
22504,1.0350549e-07
22505,1.7283894e-05
22506,0.9999993
22507,0.17046699
22508,0.9999982
22509,1.0
22510,0.99999976
22511,5.429489e-06
22512,4.0303068e-08
22513,7.52991e-05
22514,1.0
22515,4.4924436e-05
22516,1.0
22517,0.99999964
22518,5.1685283e-06
22519,0.9999999
22520,5.238235e-08
22521,0.9999981
22522,0.99999297
22523,1.8100408e-06
22524,0.999972
22525,1.4061845e-05
22526,6.1842607e-06
22527,0.9999964
22528,1.08408485e-05
22529,0.9999975
22530,0.9999876
22531,0.9999999
22532,0.99999726
22533,0.9999999
22534,0.99999976
22535,3.713757e-07
22536,4.9452585e-05
22537,0.016091522
22538,0.9800388
22539,1.9402261e-05
22540,1.80339e-06
22541,0.99996233
22542,5.2439024e-08
22543,0.99965394
22544,1.0
22545,7.668655e-07
22546,2.4221532e-07
22547,0.9999999
22548,2.4663623e-07
22549,0.9999999
22550,5.43615e-08
22551,2.0159307e-06
22552,4.4745575e-06
22553,0.9998337
22554,0.9999999
22555,2.0069847e-07
22556,4.4875085e-07
22557,0.99999976
22558,1.977271e-06
22559,0.99999726
22560,3.2810317e-07
22561,1.7477338e-06
22562,0.9999999
22563,0.9999993
22564,0.9999957
22565,6.269746e-07
22566,5.9290714e-06
22567,2.4942162e-08
22568,0.9999999
22569,2.410268e-05
22570,1.6551505e-05
22571,0.999995
22572,0.9999974
22573,0.9999999
22574,0.9999976
22575,0.9999964
22576,0.9999981
22577,1.0789666e-06
22578,0.99999964
22579,0.99999964
22580,2.2672536e-07
22581,7.504679e-06
22582,0.9999976
22583,3.273586e-08
22584,4.5759336e-08
22585,0.9999981
22586,2.8273988e-07
22587,0.9999957
22588,3.0145444e-05
22589,7.651841e-06
22590,2.2682473e-06
22591,0.9999999
22592,4.717684e-06
22593,4.7281196e-07
22594,2.2294723e-06
22595,2.3245553e-07
22596,1.180635e-06
22597,0.99999964
22598,5.834004e-05
22599,1.9852052e-07
22600,0.9999994
22601,0.9999926
22602,1.4583857e-06
22603,2.5097315e-06
22604,2.1127601e-08
22605,7.648738e-07
22606,0.9999999
22607,1.1121757e-05
22608,1.846103e-08
22609,1.01212365e-07
22610,0.9999999
22611,0.9999995
22612,1.7891924e-07
22613,0.99999976
22614,0.9999988
22615,0.99999344
22616,1.9257789e-06
22617,0.9999994
22618,1.0
22619,0.9999999
22620,1.8151684e-05
22621,0.99975115
22622,0.99999976
22623,3.7036198e-08
22624,1.082473e-06
22625,0.9999392
22626,2.4004821e-05
22627,4.032744e-08
22628,0.99999297
22629,1.0
22630,1.0
22631,2.1522741e-08
22632,1.0
22633,1.5806712e-06
22634,6.516738e-07
22635,5.5596857e-08
22636,0.99999297
22637,0.99999976
22638,7.8827566e-07
22639,3.4249795e-06
22640,1.0
22641,9.368681e-06
22642,0.9999995
22643,1.9554043e-05
22644,2.394288e-07
22645,0.9999999
22646,3.301076e-06
22647,0.9999949
22648,1.0
22649,0.99995863
22650,0.99999833
22651,1.0
22652,9.479323e-06
22653,1.0
22654,0.99998784
22655,0.99999976
22656,5.958906e-07
22657,0.9999999
22658,6.2300444e-07
22659,2.0497308e-05
22660,8.8194665e-06
22661,1.0
22662,0.9999989
22663,0.9999989
22664,1.450931e-08
22665,0.99999964
22666,0.9999945
22667,2.1942536e-07
22668,2.2581322e-07
22669,1.0
22670,0.00013787611
22671,0.9999974
22672,0.9999888
22673,0.9999999
22674,1.0
22675,0.9999999
22676,0.9999999
22677,0.9999994
22678,1.2902851e-06
22679,0.999997
22680,8.46052e-07
22681,0.9999999
22682,4.763421e-08
22683,7.1970106e-07
22684,0.9999995
22685,4.6901685e-05
22686,4.3544183e-08
22687,2.9784158e-07
22688,6.354991e-06
22689,0.99999976
22690,2.2003253e-06
22691,1.2432297e-07
22692,0.9999938
22693,1.6415295e-05
22694,2.852334e-07
22695,0.9999999
22696,1.0
22697,0.9999989
22698,0.9999999
22699,0.9999995
22700,0.9999999
22701,1.0
22702,3.5628173e-07
22703,3.968768e-08
22704,0.021694737
22705,0.13046935
22706,4.460441e-07
22707,0.99999964
22708,0.99999857
22709,0.99921167
22710,1.189357e-06
22711,3.1300408e-06
22712,2.932239e-06
22713,0.95497507
22714,1.6611659e-06
22715,3.7737005e-05
22716,0.9999995
22717,2.1496007e-06
22718,5.1223694e-08
22719,0.9999999
22720,4.9313708e-06
22721,9.629756e-08
22722,0.9999995
22723,2.1854488e-07
22724,1.4351922e-05
22725,1.07866256e-07
22726,0.00012904107
22727,6.429868e-07
22728,1.7869448e-07
22729,0.99998426
22730,0.15148336
22731,0.00021512635
22732,0.99999976
22733,0.99999964
22734,0.99635434
22735,4.960852e-07
22736,0.999998
22737,0.9999956
22738,8.0818825e-07
22739,0.5717359
22740,2.0492558e-05
22741,0.9999875
22742,2.2046258e-07
22743,1.4563561e-05
22744,1.4809727e-05
22745,0.9999995
22746,0.9999999
22747,0.9999993
22748,2.2100812e-06
22749,0.99999976
22750,0.99999964
22751,7.4805416e-06
22752,0.15633066
22753,0.99999976
22754,0.9999988
22755,0.9999999
22756,1.6513839e-07
22757,5.572549e-05
22758,0.9999999
22759,0.99999154
22760,3.0278461e-05
22761,0.9999949
22762,0.9999988
22763,3.517904e-05
22764,1.1458742e-05
22765,2.0750986e-05
22766,2.4256028e-06
22767,0.0005538973
22768,1.2712555e-06
22769,1.0
22770,0.9999999
22771,1.6661996e-08
22772,0.99999833
22773,6.7141116e-07
22774,0.9995028
22775,8.505966e-06
22776,0.00016415164
22777,0.9999999
22778,6.45991e-07
22779,0.9999999
22780,0.9999579
22781,9.1136535e-08
22782,0.9999975
22783,3.4645952e-06
22784,0.9999999
22785,5.2555155e-05
22786,4.5771642e-08
22787,4.5968245e-06
22788,8.035586e-07
22789,0.99999297
22790,0.9999999
22791,1.844057e-05
22792,0.99999964
22793,0.999943
22794,9.04033e-06
22795,0.99966276
22796,0.99999964
22797,8.09002e-08
22798,1.96058e-05
22799,1.0
22800,0.08500151
22801,0.9999956
22802,0.99999964
22803,0.99998856
22804,2.0661494e-06
22805,1.0
22806,0.9999995
22807,1.3440124e-06
22808,1.0
22809,0.99997616
22810,3.146233e-07
22811,0.9999987
22812,1.11918e-06
22813,0.99999774
22814,1.0865338e-07
22815,0.98938584
22816,3.889894e-05
22817,5.1911843e-07
22818,0.99999833
22819,0.9999937
22820,0.999997
22821,1.0
22822,0.0003496912
22823,1.924063e-05
22824,2.8557116e-07
22825,6.0657344e-06
22826,2.8988763e-06
22827,0.9999995
22828,1.0096538e-07
22829,0.9999993
22830,4.8681445e-06
22831,0.9999982
22832,1.5603574e-07
22833,4.390689e-07
22834,2.9229279e-08
22835,0.99999964
22836,0.9999343
22837,0.9999927
22838,0.99999976
22839,0.99999845
22840,0.9999999
22841,0.9999982
22842,0.9999994
22843,0.9999634
22844,0.999998
22845,5.613008e-07
22846,0.04833016
22847,0.9999994
22848,1.1057962e-05
22849,0.99999917
22850,1.12704365e-05
22851,3.2308478e-07
22852,0.99998546
22853,1.0618716e-05
22854,1.0
22855,1.02541456e-07
22856,2.3289674e-06
22857,4.5584715e-05
22858,3.8943895e-06
22859,2.6175782e-08
22860,2.9503798e-07
22861,1.0
22862,0.99999964
22863,0.9999912
22864,8.94901e-07
22865,1.3374084e-06
22866,0.99999964
22867,1.6275146e-06
22868,0.99999905
22869,0.0033595576
22870,0.9999852
22871,0.9999894
22872,9.974981e-05
22873,1.2681842e-05
22874,1.8454275e-05
22875,0.9999987
22876,0.9999964
22877,5.2968684e-08
22878,1.8438282e-05
22879,0.9999597
22880,0.99999845
22881,2.7767076e-06
22882,0.99999905
22883,1.198595e-06
22884,0.99784386
22885,2.1169875e-08
22886,4.4490636e-07
22887,1.0579997e-06
22888,1.3366995e-05
22889,1.15194304e-07
22890,0.99999857
22891,1.0
22892,0.9999982
22893,1.6701632e-06
22894,0.9999999
22895,0.99999976
22896,0.00014546643
22897,0.99999297
22898,6.29587e-07
22899,2.858902e-06
22900,0.9999832
22901,4.766489e-06
22902,0.9999987
22903,0.99999857
22904,5.2536766e-06
22905,1.0307467e-05
22906,8.413316e-08
22907,1.0
22908,0.99999905
22909,5.1106135e-06
22910,0.99999964
22911,1.4974748e-06
22912,0.9999031
22913,0.9999999
22914,1.0
22915,6.241402e-07
22916,7.06583e-08
22917,0.9999999
22918,2.3129856e-05
22919,0.99998474
22920,0.999706
22921,0.9999995
22922,4.193249e-06
22923,0.99995553
22924,0.99999976
22925,0.9999964
22926,1.0
22927,0.99999976
22928,0.99999976
22929,0.0020578308
22930,0.99999976
22931,2.056805e-06
22932,0.99999535
22933,4.081035e-06
22934,1.0
22935,0.24845085
22936,0.9999999
22937,0.99999964
22938,0.99999917
22939,4.317847e-07
22940,2.1858812e-05
22941,4.683655e-06
22942,0.9997105
22943,0.99999964
22944,6.19032e-06
22945,0.9999995
22946,3.3650542e-06
22947,6.855801e-06
22948,0.99999785
22949,0.999995
22950,1.0
22951,1.0
22952,5.3047145e-08
22953,1.8703724e-06
22954,0.9999949
22955,2.1705866e-08
22956,0.9999988
22957,1.7897682e-05
22958,2.3885272e-07
22959,0.9999999
22960,1.0
22961,0.9999982
22962,2.2373928e-07
22963,1.0241594e-06
22964,0.99988914
22965,0.99999845
22966,0.9999931
22967,9.0126974e-07
22968,0.0002936577
22969,1.622413e-06
22970,0.9552241
22971,0.011441075
22972,0.9997002
22973,0.9999995
22974,0.99999464
22975,3.0919057e-06
22976,6.6416897e-07
22977,4.615238e-07
22978,0.9999999
22979,1.4328644e-07
22980,1.0
22981,5.148522e-07
22982,0.9999989
22983,0.9999925
22984,3.945612e-08
22985,7.6790036e-07
22986,0.9999999
22987,0.0037751282
22988,0.99999905
22989,0.9999497
22990,0.99999964
22991,0.9999989
22992,9.692667e-08
22993,1.0082351e-08
22994,0.07666592
22995,0.9999918
22996,0.99999297
22997,0.99999905
22998,1.0
22999,0.9999951
23000,1.1608825e-07
23001,2.4457509e-06
23002,6.194563e-07
23003,0.9999964
23004,0.999998
23005,0.9999932
23006,0.99994457
23007,0.9999938
23008,2.84874e-07
23009,3.7219152e-07
23010,3.836522e-06
23011,0.99995506
23012,0.9999999
23013,4.602509e-07
23014,0.9999956
23015,0.99998677
23016,0.9999995
23017,1.0105146e-06
23018,7.4730025e-08
23019,3.69736e-06
23020,1.9899194e-07
23021,1.0
23022,0.9999999
23023,3.2630999e-06
23024,0.99999976
23025,1.2653971e-05
23026,0.99999726
23027,0.9999976
23028,2.3316966e-06
23029,6.982278e-07
23030,1.1735561e-06
23031,1.7105904e-06
23032,0.9999999
23033,0.92248297
23034,0.99999917
23035,0.9999995
23036,0.9999932
23037,0.9999924
23038,0.99992263
23039,8.314088e-06
23040,1.0
23041,0.9999888
23042,1.0
23043,3.278811e-05
23044,0.9999894
23045,3.6836326e-08
23046,0.99999964
23047,8.437778e-06
23048,0.9998858
23049,4.623132e-07
23050,3.8348063e-07
23051,0.9999999
23052,2.8253316e-07
23053,9.25463e-08
23054,2.8705626e-06
23055,0.9999747
23056,0.9999993
23057,0.99999857
23058,1.0
23059,4.1411862e-05
23060,9.2167165e-06
23061,1.8801408e-07
23062,2.460189e-06
23063,1.1161171e-07
23064,0.9999994
23065,0.99999976
23066,0.99333763
23067,3.068681e-06
23068,2.598395e-07
23069,7.65049e-06
23070,0.999998
23071,3.3328608e-06
23072,0.9999993
23073,0.98022985
23074,4.940263e-07
23075,1.9621474e-08
23076,7.748987e-07
23077,1.3294576e-07
23078,2.3206967e-07
23079,8.615214e-08
23080,9.305536e-08
23081,0.99999964
23082,8.762365e-05
23083,9.235786e-07
23084,1.1326339e-06
23085,1.8791171e-06
23086,0.9999893
23087,1.2259446e-07
23088,4.6667346e-06
23089,0.99842703
23090,8.786162e-07
23091,0.9999999
23092,1.7755242e-07
23093,3.0701065e-06
23094,1.6701069e-08
23095,0.0031288783
23096,0.9999995
23097,2.1291484e-07
23098,0.9999999
23099,1.4189843e-07
23100,1.2422049e-06
23101,0.9999995
23102,1.9865575e-07
23103,8.305692e-08
23104,8.889848e-05
23105,1.995133e-06
23106,3.9665443e-07
23107,0.99999595
23108,0.9999995
23109,0.9999964
23110,1.070566e-06
23111,5.8168735e-07
23112,1.8884355e-06
23113,0.9996141
23114,0.99999964
23115,0.9999733
23116,2.476968e-05
23117,2.421216e-06
23118,0.9999999
23119,0.9999864
23120,8.028379e-08
23121,0.9999999
23122,0.99997354
23123,0.99999666
23124,1.8303849e-08
23125,2.2146229e-07
23126,0.00093036663
23127,1.398064e-05
23128,0.99999917
23129,0.99998903
23130,1.0
23131,0.99999595
23132,2.756249e-05
23133,3.4891244e-07
23134,0.9999249
23135,0.9999956
23136,5.1799333e-08
23137,0.99999917
23138,0.99999595
23139,2.0010038e-06
23140,0.9999962
23141,3.996655e-07
23142,7.850236e-06
23143,0.9999999
23144,1.2558923e-05
23145,0.00016647029
23146,9.829033e-07
23147,8.716826e-06
23148,0.9999962
23149,1.03513784e-07
23150,0.99999714
23151,0.99999976
23152,0.99999857
23153,0.99997294
23154,0.99996734
23155,2.0739055e-05
23156,0.99999094
23157,0.9999995
23158,4.2815046e-07
23159,0.00049594825
23160,8.9163495e-07
23161,4.9726978e-06
23162,2.3351664e-08
23163,1.0
23164,2.7479198e-06
23165,1.0
23166,0.0021363087
23167,0.9999994
23168,0.9999982
23169,2.1153403e-06
23170,0.0018885345
23171,3.634512e-07
23172,2.6677068e-07
23173,4.5284585e-07
23174,1.0
23175,1.6792814e-06
23176,0.99999976
23177,0.9999995
23178,2.3503864e-08
23179,0.9999999
23180,1.1932256e-08
23181,1.9631514e-07
23182,1.1656418e-07
23183,0.99998736
23184,7.2471285e-06
23185,5.9843515e-08
23186,1.0
23187,0.99999905
23188,0.99999833
23189,0.9999999
23190,0.99999917
23191,5.791449e-07
23192,3.4200593e-08
23193,5.922675e-07
23194,0.9999995
23195,0.0003264501
23196,2.0276698e-07
23197,2.2584618e-07
23198,3.148397e-07
23199,0.99999666
23200,2.5036485e-08
23201,0.00057649415
23202,1.6835531e-07
23203,0.9999999
23204,0.99998224
23205,2.4585504e-05
23206,0.9999827
23207,2.1333628e-06
23208,0.00046585273
23209,0.99999976
23210,2.1371001e-05
23211,1.5541852e-07
23212,9.757641e-07
23213,0.99999976
23214,2.529162e-06
23215,4.416058e-07
23216,1.0
23217,0.9999999
23218,1.00840666e-07
23219,5.84965e-07
23220,3.4480772e-07
23221,0.9999995
23222,3.959e-06
23223,0.99995494
23224,2.4369408e-06
23225,0.99999726
23226,1.8468093e-06
23227,2.221807e-05
23228,0.99999964
23229,0.999997
23230,0.9999974
23231,5.021627e-07
23232,0.9999999
23233,0.0011078059
23234,2.262737e-07
23235,0.99999225
23236,2.3648674e-06
23237,0.0002786514
23238,0.99999976
23239,9.823617e-07
23240,0.9999999
23241,0.9999782
23242,5.5844383e-05
23243,0.9999982
23244,1.0935606e-06
23245,0.9999912
23246,0.9999999
23247,0.99999475
23248,1.0
23249,0.99999917
23250,4.088912e-06
23251,1.5236654e-06
23252,4.3638684e-07
23253,7.391505e-07
23254,0.99999976
23255,0.9996655
23256,0.0003213826
23257,1.2281828e-08
23258,0.006409649
23259,3.1616384e-08
23260,0.000112196
23261,4.233543e-06
23262,0.99999976
23263,1.8844077e-06
23264,0.99999726
23265,0.9999999
23266,5.08621e-06
23267,0.9940515
23268,0.99994147
23269,0.9999963
23270,1.607301e-05
23271,1.5026282e-05
23272,0.00013434442
23273,0.99999344
23274,0.999998
23275,9.991752e-07
23276,2.6598945e-08
23277,0.99999905
23278,0.9999999
23279,2.680294e-06
23280,0.9999975
23281,9.161211e-09
23282,2.0378164e-07
23283,0.99999344
23284,8.6616865e-06
23285,6.046499e-05
23286,0.9999995
23287,6.16883e-08
23288,2.965669e-06
23289,0.9999987
23290,0.9999999
23291,1.0167524e-05
23292,2.9130824e-06
23293,0.9999738
23294,1.1166223e-05
23295,0.0024288069
23296,6.8886225e-06
23297,1.6890063e-07
23298,3.321552e-06
23299,0.99999833
23300,3.0722603e-07
23301,0.9999999
23302,0.9999931
23303,1.0389053e-06
23304,0.99999344
23305,0.99999404
23306,1.0
23307,0.99536973
23308,8.9687296e-07
23309,8.898461e-06
23310,2.7600433e-07
23311,1.3032266e-07
23312,0.9999995
23313,0.9999906
23314,7.5845146e-06
23315,6.910949e-06
23316,1.0
23317,7.448199e-07
23318,0.9999989
23319,4.631915e-06
23320,0.99999976
23321,1.6123725e-08
23322,4.826383e-06
23323,0.99958104
23324,0.99999845
23325,0.9999994
23326,0.99999976
23327,0.99999595
23328,0.9999999
23329,0.9999987
23330,7.552931e-09
23331,0.99999976
23332,1.0
23333,0.0012534001
23334,4.23077e-06
23335,0.99744844
23336,8.474659e-09
23337,1.0429027e-05
23338,1.0
23339,4.0742226e-08
23340,8.525576e-07
23341,1.5764516e-06
23342,8.9771663e-07
23343,0.9999994
23344,0.9999999
23345,0.9999993
23346,2.1608375e-06
23347,0.9999999
23348,2.5193063e-07
23349,1.5275749e-06
23350,3.240117e-07
23351,0.9999994
23352,0.00017557338
23353,1.0
23354,0.9999691
23355,3.2280077e-08
23356,0.99999
23357,0.9999994
23358,3.8374065e-08
23359,0.9978592
23360,6.994014e-08
23361,1.0
23362,0.9999646
23363,5.337453e-06
23364,1.147122e-06
23365,4.5563656e-06
23366,0.9999747
23367,0.9999988
23368,0.99999297
23369,0.9999299
23370,2.7503385e-05
23371,1.1137571e-06
23372,1.0
23373,0.9999988
23374,0.9999999
23375,0.99998784
23376,0.9999988
23377,1.04621195e-05
23378,4.7534607e-07
23379,0.99999297
23380,0.0005369656
23381,0.9999987
23382,1.3084064e-05
23383,0.9999999
23384,2.2438202e-07
23385,0.9999995
23386,1.0
23387,5.249507e-07
23388,0.9998259
23389,1.8575753e-06
23390,0.9999994
23391,0.99999607
23392,6.8242166e-06
23393,0.9999976
23394,0.99999964
23395,2.0863197e-05
23396,6.853481e-08
23397,0.9999994
23398,0.9999999
23399,0.9999999
23400,0.9999995
23401,2.2427857e-06
23402,0.9999696
23403,0.9999995
23404,6.319827e-05
23405,1.0232201e-05
23406,7.3724946e-06
23407,0.9999999
23408,1.0
23409,0.9999964
23410,0.99938524
23411,1.0
23412,1.0913796e-07
23413,7.4024783e-06
23414,3.645193e-06
23415,0.9999999
23416,4.3799247e-07
23417,2.9261073e-06
23418,0.9999999
23419,3.8203148e-06
23420,1.7862462e-07
23421,6.195319e-07
23422,0.9999982
23423,0.9999974
23424,0.9997899
23425,1.0
23426,0.99998105
23427,7.120555e-08
23428,1.0
23429,0.9999981
23430,2.0624033e-05
23431,1.0
23432,1.0
23433,0.9999999
23434,0.9999893
23435,5.5380366e-07
23436,1.0
23437,0.9999999
23438,8.928026e-08
23439,8.086723e-06
23440,0.9999999
23441,7.0876075e-07
23442,0.9999999
23443,0.9999571
23444,2.444649e-05
23445,0.99999976
23446,0.9999956
23447,0.9989278
23448,4.6748744e-05
23449,5.701596e-07
23450,1.0
23451,3.7674693e-07
23452,0.9999995
23453,0.9999994
23454,0.9999999
23455,1.8721336e-08
23456,0.99999964
23457,0.99999976
23458,4.5651326e-08
23459,0.9999999
23460,1.0
23461,2.9046932e-08
23462,2.9787992e-07
23463,0.99999905
23464,6.0718826e-08
23465,0.9997917
23466,2.4043316e-06
23467,0.99999344
23468,0.99999905
23469,3.4671132e-07
23470,3.059322e-06
23471,0.99999964
23472,0.9999999
23473,1.0
23474,1.7411644e-07
23475,1.0917715e-06
23476,0.9999999
23477,0.10729816
23478,0.9999534
23479,6.257245e-08
23480,0.9999999
23481,0.99999106
23482,0.98184264
23483,1.9493586e-05
23484,4.129015e-06
23485,0.9999968
23486,1.1935977e-06
23487,0.99994457
23488,0.99999964
23489,0.9999994
23490,3.3910765e-05
23491,3.4540844e-06
23492,3.3192643e-07
23493,8.2489514e-08
23494,0.99999964
23495,0.99999964
23496,0.9999788
23497,4.8120572e-08
23498,3.0003237e-06
23499,3.1677673e-06
23500,0.9999789
23501,7.3981056e-07
23502,2.0852003e-08
23503,2.1295727e-05
23504,0.99999917
23505,0.99998903
23506,0.9999989
23507,0.99999976
23508,1.42256995e-05
23509,0.9999993
23510,1.8791171e-06
23511,0.9999962
23512,1.9749199e-07
23513,0.99784386
23514,2.6036394e-05
23515,2.8735457e-07
23516,9.159202e-06
23517,0.9999999
23518,3.766995e-06
23519,2.562225e-07
23520,0.99998534
23521,1.0
23522,0.99999964
23523,0.99999833
23524,0.9999995
23525,1.9601034e-06
23526,1.2266876e-05
23527,3.7808368e-06
23528,0.99994135
23529,0.9999981
23530,2.6722768e-08
23531,0.9986916
23532,7.3522383e-06
23533,1.8051486e-07
23534,0.9999664
23535,9.232235e-06
23536,0.99613345
23537,0.9999957
23538,4.9156224e-08
23539,1.2185214e-06
23540,7.2192273e-07
23541,3.8050832e-06
23542,3.3683325e-06
23543,7.1006167e-07
23544,1.49359885e-05
23545,0.99999905
23546,4.819406e-06
23547,2.4655666e-08
23548,0.9999995
23549,0.99999976
23550,0.031814057
23551,0.99999917
23552,0.99999976
23553,0.99999297
23554,4.218462e-06
23555,0.99999976
23556,3.4628183e-06
23557,0.99999976
23558,0.99999857
23559,0.9999981
23560,4.76453e-08
23561,3.5822e-06
23562,1.8755742e-07
23563,4.429426e-06
23564,6.945518e-08
23565,0.99996495
23566,5.2244697e-05
23567,4.7337908e-05
23568,0.9999356
23569,0.99999857
23570,1.8312743e-07
23571,2.602897e-05
23572,0.9999939
23573,1.1780714e-07
23574,0.9999988
23575,0.99907035
23576,0.99999726
23577,3.683729e-06
23578,0.0011288659
23579,0.99999976
23580,1.5287392e-07
23581,2.1276986e-08
23582,0.99999964
23583,7.6648114e-08
23584,0.9999106
23585,0.00346053
23586,0.99999976
23587,1.009107e-07
23588,0.93536377
23589,0.9999999
23590,1.3501888e-07
23591,9.222757e-06
23592,1.6043158e-06
23593,0.9999999
23594,0.99999964
23595,0.99999416
23596,0.99999845
23597,1.5737178e-06
23598,8.97602e-06
23599,1.0
23600,9.809387e-07
23601,0.99999964
23602,4.3862698e-07
23603,8.325239e-07
23604,1.0
23605,3.259158e-07
23606,2.3419284e-08
23607,1.7477073e-07
23608,9.584945e-05
23609,8.4484145e-06
23610,0.52558917
23611,4.208318e-08
23612,5.6196345e-08
23613,1.8125442e-07
23614,0.99999917
23615,0.9999988
23616,6.301102e-07
23617,0.9999579
23618,4.572191e-08
23619,0.9999988
23620,0.9999995
23621,0.9999989
23622,0.9999962
23623,0.00032691073
23624,1.2320504e-06
23625,1.043575e-07
23626,3.678228e-06
23627,1.0
23628,6.043361e-07
23629,2.9179591e-06
23630,2.3435693e-07
23631,0.9196108
23632,0.00019188873
23633,2.603179e-08
23634,1.0184664e-06
23635,0.99999225
23636,7.1831664e-07
23637,6.603511e-08
23638,0.9999982
23639,0.00040641017
23640,0.99993205
23641,5.28424e-07
23642,1.2539535e-05
23643,5.3616887e-08
23644,3.694004e-08
23645,0.999972
23646,0.99999666
23647,8.2251705e-07
23648,0.9999982
23649,0.99999964
23650,1.5676969e-08
23651,4.6021754e-07
23652,7.5536605e-07
23653,0.99564797
23654,1.0
23655,2.416252e-06
23656,1.1036675e-07
23657,0.9999999
23658,2.544663e-06
23659,7.892041e-08
23660,0.9999994
23661,0.99999297
23662,1.0
23663,2.1860007e-08
23664,5.8864225e-07
23665,2.0458714e-08
23666,3.7096297e-06
23667,0.9999987
23668,5.4240704e-06
23669,2.5562787e-08
23670,0.99999094
23671,0.9999989
23672,3.0294843e-06
23673,2.2201373e-08
23674,3.1734398e-06
23675,0.9999999
23676,0.99999297
23677,0.9999975
23678,0.018976683
23679,0.9999999
23680,0.9999993
23681,9.865143e-06
23682,3.898721e-05
23683,8.2072665e-07
23684,0.9999987
23685,3.2657492e-06
23686,0.99999297
23687,6.7050576e-07
23688,0.99999964
23689,0.99999976
23690,2.9673183e-06
23691,1.7647743e-07
23692,1.0
23693,3.6550016e-08
23694,3.8464208e-07
23695,6.6259804e-07
23696,2.5199623e-07
23697,6.2433714e-06
23698,5.504831e-07
23699,1.0770195e-06
23700,0.9999999
23701,9.0984196e-07
23702,0.99999976
23703,6.345897e-07
23704,0.9999982
23705,1.0
23706,0.99998474
23707,8.406097e-07
23708,1.8366227e-07
23709,0.9940515
23710,0.30954057
23711,0.9999819
23712,7.877948e-06
23713,0.9999999
23714,0.99999976
23715,2.7238116e-07
23716,0.9999974
23717,2.5006833e-07
23718,0.99999976
23719,0.9999994
23720,0.8646095
23721,0.99999905
23722,0.99999857
23723,7.0855795e-06
23724,0.99997485
23725,1.5568286e-05
23726,2.005419e-06
23727,0.99999917
23728,0.9999999
23729,0.9998903
23730,2.9834018e-07
23731,4.151754e-06
23732,3.9655683e-07
23733,0.9999999
23734,7.805445e-06
23735,0.99999857
23736,0.9999995
23737,0.9999993
23738,4.3608306e-05
23739,7.393359e-07
23740,6.941293e-07
23741,1.0
23742,0.9999999
23743,0.9999994
23744,0.00011668267
23745,0.99999917
23746,3.4854426e-07
23747,0.9999999
23748,1.0
23749,9.459422e-05
23750,0.9999999
23751,0.9999999
23752,0.0012360393
23753,0.74390477
23754,0.9999999
23755,6.2274786e-08
23756,5.451174e-08
23757,1.0
23758,0.9999995
23759,9.761925e-08
23760,5.4164127e-07
23761,1.0
23762,0.00045278584
23763,1.6730583e-07
23764,0.99997115
23765,0.9999994
23766,0.9999981
23767,2.422156e-06
23768,8.6245586e-07
23769,0.9999995
23770,9.4049034e-07
23771,8.4044466e-08
23772,1.640356e-05
23773,7.223643e-08
23774,0.9999999
23775,5.9588852e-05
23776,3.4022513e-08
23777,6.128124e-07
23778,0.9961195
23779,0.99302894
23780,5.0979975e-07
23781,1.3136463e-05
23782,0.99999905
23783,0.99999774
23784,0.9999999
23785,5.8232837e-07
23786,2.4520602e-08
23787,0.99999857
23788,5.91232e-07
23789,1.0
23790,7.2309625e-08
23791,0.99999976
23792,8.540267e-06
23793,0.00017945506
23794,6.6069e-07
23795,0.9999999
23796,1.8880957e-07
23797,4.312308e-07
23798,0.99999845
23799,6.6877766e-07
23800,0.00073560333
23801,1.7627353e-06
23802,1.0
23803,2.827442e-07
23804,3.5621105e-07
23805,3.0345856e-07
23806,0.9999995
23807,6.8715835e-08
23808,4.6305232e-07
23809,3.8812087e-07
23810,1.006575e-06
23811,2.3299864e-07
23812,7.9077065e-09
23813,0.99999475
23814,1.3493562e-06
23815,0.999998
23816,0.99999905
23817,0.9999995
23818,0.9994361
23819,0.99999976
23820,0.99999785
23821,0.99999976
23822,0.9999987
23823,0.99999785
23824,1.7775353e-07
23825,0.984971
23826,0.99999845
23827,0.0038289155
23828,0.9999887
23829,0.9999993
23830,0.99999976
23831,0.9999976
23832,3.6712186e-07
23833,4.457069e-07
23834,0.9999988
23835,0.99999976
23836,0.99999845
23837,0.9999999
23838,1.9715756e-07
23839,1.7599147e-08
23840,0.99999905
23841,0.99999785
23842,0.9999999
23843,0.99999535
23844,0.9999938
23845,0.99998724
23846,2.6796323e-07
23847,0.99999976
23848,1.3590771e-06
23849,0.9999994
23850,6.005437e-07
23851,0.9999995
23852,1.865066e-08
23853,1.2255803e-06
23854,3.408643e-08
23855,0.9999995
23856,3.6573212e-05
23857,0.00084857584
23858,2.4752559e-05
23859,0.99999905
23860,3.420701e-05
23861,9.664128e-08
23862,1.0
23863,1.0
23864,9.757138e-09
23865,5.943695e-07
23866,0.9999958
23867,1.3563982e-06
23868,0.9999833
23869,5.9919124e-08
23870,1.0
23871,1.3283756e-05
23872,0.9999988
23873,0.99999785
23874,2.1862585e-05
23875,7.562417e-07
23876,3.3258235e-07
23877,0.99999666
23878,0.9999933
23879,3.7429697e-06
23880,1.4783062e-07
23881,0.9999933
23882,0.99999917
23883,2.1314463e-07
23884,7.686566e-08
23885,0.9999863
23886,1.386853e-06
23887,5.493239e-06
23888,4.4491484e-05
23889,0.999995
23890,0.99999976
23891,2.4615312e-07
23892,0.99856013
23893,0.9999995
23894,0.99999976
23895,2.439139e-08
23896,0.99541736
23897,0.99999905
23898,0.9999913
23899,3.586069e-06
23900,1.535235e-05
23901,6.232204e-05
23902,0.00014051348
23903,0.9995994
23904,5.4842637e-08
23905,0.0041912277
23906,0.9999472
23907,0.99999917
23908,0.99998987
23909,0.9999219
23910,3.0752147e-08
23911,6.182069e-08
23912,0.9999949
23913,0.9999989
23914,0.99999964
23915,0.9999999
23916,2.8790012e-06
23917,3.2244824e-07
23918,3.5891794e-06
23919,0.99999666
23920,2.5499112e-05
23921,0.9999968
23922,2.5679444e-07
23923,1.0
23924,3.3875654e-08
23925,0.9999988
23926,0.99999976
23927,0.9999995
23928,0.99999976
23929,0.9999988
23930,0.9999994
23931,4.2995678e-05
23932,3.522861e-07
23933,0.9999969
23934,1.3735615e-06
23935,1.0783662e-05
23936,0.99999857
23937,0.9999993
23938,0.00010961275
23939,1.0
23940,2.8158146e-07
23941,1.3528417e-06
23942,3.2359515e-07
23943,3.098185e-07
23944,1.3649471e-06
23945,0.9999999
23946,1.0
23947,0.9995345
23948,0.99999976
23949,1.9533241e-05
23950,1.5501826e-05
23951,1.8578145e-06
23952,0.9999999
23953,0.9999877
23954,0.99999976
23955,0.0009583101
23956,1.3994068e-06
23957,1.5003435e-07
23958,0.88753414
23959,0.9999999
23960,0.04089108
23961,0.9999999
23962,0.99999976
23963,0.9999838
23964,4.568099e-07
23965,3.0703748e-05
23966,6.2608376e-07
23967,0.99999475
23968,0.9999747
23969,1.2514506e-07
23970,0.9999995
23971,0.9999999
23972,0.999992
23973,8.855844e-08
23974,0.99987423
23975,4.6510897e-07
23976,5.0381127e-06
23977,0.9999993
23978,0.9963827
23979,8.547153e-06
23980,8.141642e-06
23981,1.2547957e-07
23982,0.9999039
23983,7.9380854e-08
23984,0.0059470814
23985,1.0
23986,1.0
23987,0.9999999
23988,0.9999999
23989,0.0014895877
23990,1.0930727e-06
23991,0.00031973448
23992,8.991896e-06
23993,0.9999883
23994,0.0015961583
23995,0.9979342
23996,0.99999976
23997,4.492357e-06
23998,1.0901333e-07
23999,3.646587e-07
24000,0.010270832
24001,3.362201e-07
24002,1.0633984e-06
24003,3.3612483e-08
24004,0.9999993
24005,1.0270976e-06
24006,7.1435493e-06
24007,0.9999999
24008,0.9999999
24009,0.99999523
24010,1.0
24011,0.9999999
24012,4.0864848e-07
24013,0.9999999
24014,3.2930473e-07
24015,0.9999957
24016,0.00011445304
24017,0.9999999
24018,2.0846103e-07
24019,7.4897716e-06
24020,2.4709667e-08
24021,0.9999999
24022,0.9999999
24023,0.9999571
24024,1.11215186e-07
24025,0.99999833
24026,4.2059426e-08
24027,0.9992895
24028,0.99999905
24029,1.2762383e-06
24030,1.9666063e-06
24031,1.0
24032,0.999882
24033,0.99999166
24034,1.2032524e-07
24035,1.4265464e-06
24036,0.99999976
24037,1.2896323e-05
24038,1.3710628e-07
24039,0.00031326892
24040,6.111259e-08
24041,0.99972385
24042,0.99999905
24043,0.99999845
24044,1.2821183e-06
24045,1.5556097e-08
24046,6.804779e-06
24047,5.2601912e-08
24048,0.9999989
24049,0.99999976
24050,0.9997799
24051,0.99999976
24052,0.9999963
24053,4.1032596e-05
24054,2.4833655e-06
24055,1.0
24056,8.745988e-05
24057,1.5481216e-06
24058,2.1128753e-07
24059,9.1889525e-08
24060,0.9999969
24061,0.9999546
24062,1.0
24063,7.3592605e-06
24064,0.9989139
24065,3.3701394e-08
24066,1.1492151e-07
24067,3.3247989e-07
24068,1.396632e-07
24069,0.99999964
24070,0.99999595
24071,0.002214287
24072,1.9084222e-05
24073,0.99999964
24074,2.4513504e-06
24075,3.956207e-08
24076,9.2070095e-06
24077,0.9999981
24078,3.5819358e-08
24079,0.99998033
24080,0.9999999
24081,8.9606104e-08
24082,0.9994312
24083,0.99999607
24084,1.6796193e-06
24085,0.9999976
24086,1.489986e-06
24087,0.0038343992
24088,6.240557e-07
24089,2.7745538e-05
24090,0.0004991978
24091,0.99999666
24092,9.592269e-06
24093,0.0001167342
24094,0.99995756
24095,3.032766e-07
24096,0.99999964
24097,6.048873e-07
24098,0.99999845
24099,9.733238e-08
24100,1.516881e-08
24101,0.9999938
24102,0.99993217
24103,3.716308e-07
24104,9.34431e-08
24105,3.4484607e-08
24106,0.99999297
24107,3.7779319e-06
24108,9.921866e-06
24109,0.99962926
24110,2.2030712e-05
24111,0.99999976
24112,0.99779403
24113,4.5266012e-07
24114,0.9999912
24115,0.99998665
24116,7.881825e-07
24117,1.1972955e-07
24118,6.1029294e-07
24119,0.9999957
24120,3.8198905e-05
24121,6.716635e-07
24122,0.99999833
24123,0.9999999
24124,0.99999714
24125,2.2357948e-05
24126,0.99999964
24127,5.3108045e-07
24128,0.9999999
24129,0.99999857
24130,0.99999917
24131,0.38463002
24132,0.007956889
24133,1.3155283e-08
24134,3.6157013e-07
24135,0.9999999
24136,2.63275e-07
24137,0.9999995
24138,0.9999999
24139,1.0187802e-06
24140,0.99999404
24141,3.7105533e-06
24142,2.866205e-06
24143,0.9999876
24144,5.349812e-05
24145,1.8313333e-06
24146,0.97529477
24147,1.2016981e-05
24148,5.4684612e-08
24149,0.9999999
24150,0.9999994
24151,0.9999995
24152,1.234889e-08
24153,1.2828191e-06
24154,0.9999999
24155,1.0483951e-07
24156,3.2659162e-07
24157,0.99999297
24158,0.9999982
24159,0.9999995
24160,0.9999999
24161,0.9999956
24162,2.147686e-07
24163,8.0794065e-09
24164,0.9999862
24165,7.327126e-07
24166,9.5283916e-08
24167,0.999998
24168,0.89419657
24169,3.0783139e-07
24170,0.99999297
24171,0.99999595
24172,1.5595006e-06
24173,0.99999845
24174,1.918622e-08
24175,0.99999857
24176,0.9998833
24177,1.0
24178,1.2393246e-05
24179,2.1935118e-06
24180,5.108544e-05
24181,0.4875023
24182,1.0
24183,0.99999976
24184,1.2575641e-05
24185,1.0
24186,0.99999976
24187,0.9998487
24188,2.7868545e-08
24189,0.99999857
24190,0.9999982
24191,0.9999994
24192,1.142287e-06
24193,6.9544594e-06
24194,6.414139e-07
24195,4.1121788e-05
24196,0.9999019
24197,4.4699584e-07
24198,5.8512074e-07
24199,1.8440498e-06
24200,0.99891865
24201,0.9999995
24202,1.9147881e-05
24203,1.535598e-07
24204,2.668247e-05
24205,1.6698458e-08
24206,1.2598417e-06
24207,1.9150027e-06
24208,1.2956629e-05
24209,0.9999993
24210,4.24095e-06
24211,1.0
24212,0.99999964
24213,1.677664e-08
24214,0.9999962
24215,3.7327783e-07
24216,0.99999964
24217,4.4149502e-07
24218,0.065104425
24219,7.723658e-07
24220,0.99998915
24221,0.999979
24222,3.880635e-07
24223,6.646437e-06
24224,5.8864845e-07
24225,2.9473194e-06
24226,5.4745988e-06
24227,2.8083616e-06
24228,4.1249191e-07
24229,0.99999666
24230,0.9999782
24231,0.9999908
24232,0.9999908
24233,4.1515064e-05
24234,0.00018013961
24235,1.2124202e-07
24236,1.0
24237,0.00019625673
24238,8.4464284e-07
24239,1.6917817e-05
24240,0.9999999
24241,4.103828e-08
24242,0.9999988
24243,0.9999993
24244,0.9999995
24245,2.4040213e-07
24246,3.229026e-06
24247,1.01698085e-07
24248,1.0
24249,0.9999999
24250,2.5471027e-07
24251,0.9999993
24252,4.096829e-08
24253,0.999995
24254,8.8589864e-08
24255,9.486721e-06
24256,3.2612654e-08
24257,0.9998795
24258,1.531623e-05
24259,0.99996257
24260,0.99999857
24261,0.9999995
24262,1.0
24263,0.9999988
24264,0.99999976
24265,1.6767672e-07
24266,1.6544088e-06
24267,0.9999994
24268,1.2954907e-06
24269,1.220538e-06
24270,0.9999995
24271,0.99998736
24272,0.99999964
24273,0.99997425
24274,1.2544439e-07
24275,0.999471
24276,6.971888e-05
24277,1.0
24278,0.9999902
24279,9.6050564e-05
24280,7.8325215e-08
24281,0.9999999
24282,3.5338146e-09
24283,0.9999734
24284,0.13075815
24285,3.5058747e-08
24286,1.0
24287,1.10091605e-05
24288,8.2430273e-07
24289,0.9999999
24290,0.9999995
24291,1.7780967e-07
24292,0.001091489
24293,1.0
24294,0.00024639184
24295,0.99999106
24296,0.99999726
24297,3.8076816e-08
24298,4.913467e-08
24299,0.00062993687
24300,4.0250717e-07
24301,0.99984646
24302,1.9929546e-07
24303,5.6072037e-07
24304,9.15728e-06
24305,7.77864e-07
24306,8.84143e-08
24307,0.99997187
24308,0.99998677
24309,2.515366e-08
24310,1.3891163e-07
24311,1.2015102e-05
24312,0.99971455
24313,0.9999999
24314,0.09519663
24315,0.9999993
24316,3.3154203e-07
24317,7.620015e-07
24318,0.99999976
24319,0.99999654
24320,0.99999714
24321,0.99999785
24322,1.0
24323,0.0011565463
24324,4.951512e-08
24325,0.99997854
24326,0.999997
24327,1.232672e-06
24328,1.1901689e-07
24329,0.99999976
24330,0.99997187
24331,0.9999999
24332,0.99999905
24333,0.9999994
24334,1.7414068e-05
24335,7.639284e-06
24336,1.4492882e-08
24337,1.5402695e-06
24338,0.9999999
24339,0.9999999
24340,3.8292364e-06
24341,0.999997
24342,1.07017236e-07
24343,1.5198704e-07
24344,0.9999999
24345,0.9999976
24346,3.5649384e-05
24347,2.7265068e-07
24348,1.7687067e-07
24349,9.184257e-08
24350,1.0
24351,7.513742e-07
24352,0.99999917
24353,8.1823224e-08
24354,1.4443382e-06
24355,0.99999976
24356,0.99999917
24357,1.8457389e-06
24358,9.600557e-07
24359,0.999982
24360,9.091203e-07
24361,0.99999976
24362,0.99998116
24363,0.99998367
24364,0.9999987
24365,1.0
24366,0.9999999
24367,8.328523e-06
24368,0.99999976
24369,0.9999999
24370,0.99999964
24371,5.1326956e-06
24372,0.99999964
24373,0.9998487
24374,1.6705121e-06
24375,4.304528e-06
24376,0.9999999
24377,1.5964404e-06
24378,0.9999974
24379,7.228915e-05
24380,1.2956394e-05
24381,1.0
24382,9.362048e-07
24383,2.8536115e-05
24384,0.99999523
24385,3.734313e-07
24386,4.2747438e-08
24387,3.3756922e-07
24388,4.0481228e-07
24389,2.1249161e-06
24390,3.7275022e-08
24391,0.9999994
24392,1.9707373e-07
24393,5.768326e-07
24394,7.319672e-09
24395,2.7891687e-05
24396,0.9999999
24397,0.9975321
24398,1.1922494e-06
24399,8.972228e-06
24400,3.918303e-07
24401,0.00012383613
24402,9.3978304e-07
24403,2.962013e-05
24404,0.9999999
24405,1.839076e-06
24406,2.924886e-07
24407,0.9999994
24408,0.9999999
24409,0.9999995
24410,1.639505e-07
24411,6.3744054e-08
24412,5.33375e-05
24413,0.9999994
24414,1.0
24415,0.99999964
24416,7.701792e-06
24417,0.9999999
24418,0.99999297
24419,0.99999475
24420,0.99999774
24421,1.192924e-06
24422,6.96324e-08
24423,0.999998
24424,1.6432305e-06
24425,0.9999995
24426,0.9999968
24427,0.999972
24428,0.9999999
24429,0.99999845
24430,6.208342e-07
24431,0.99999917
24432,1.507763e-08
24433,2.1318415e-06
24434,0.99999833
24435,0.99999976
24436,0.999905
24437,9.231658e-08
24438,0.9999989
24439,2.2310037e-06
24440,2.7843714e-07
24441,1.0927934e-06
24442,9.418642e-06
24443,0.99999976
24444,0.9999999
24445,0.99999857
24446,6.9879256e-06
24447,1.5515981e-06
24448,0.9999975
24449,0.99999964
24450,2.3549834e-05
24451,0.9999999
24452,4.6196554e-05
24453,0.9999727
24454,0.99960274
24455,9.076738e-08
24456,9.814031e-08
24457,0.99999785
24458,4.0084647e-06
24459,3.205597e-06
24460,0.99999917
24461,0.99999416
24462,0.99999297
24463,0.9999994
24464,5.933162e-08
24465,0.99999905
24466,0.9999989
24467,4.7514166e-07
24468,6.790776e-06
24469,5.8173837e-06
24470,5.8841385e-07
24471,2.1921607e-05
24472,1.4964034e-08
24473,3.7076767e-08
24474,0.99999607
24475,1.0029188e-07
24476,9.293921e-06
24477,0.99998856
24478,0.9999995
24479,1.8707314e-07
24480,4.526377e-07
24481,0.0044322144
24482,0.14658302
24483,0.9999999
24484,0.99999094
24485,0.9999995
24486,0.99999845
24487,0.99999857
24488,8.877846e-06
24489,4.895702e-08
24490,0.99999297
24491,0.99999917
24492,3.1126506e-06
24493,3.5829003e-06
24494,6.904539e-07
24495,0.99999964
24496,0.99999845
24497,4.806494e-07
24498,5.281242e-08
24499,7.8582195e-07
24500,0.9999999
24501,0.99999297
24502,2.0201135e-07
24503,0.9999918
24504,0.99999726
24505,0.9999994
24506,0.99999976
24507,3.924043e-07
24508,1.5051561e-06
24509,7.293747e-05
24510,0.99999976
24511,0.00747541
24512,0.99999726
24513,1.2381375e-06
24514,0.9999999
24515,2.5408473e-05
24516,0.9999989
24517,3.1837448e-05
24518,1.0
24519,0.9999981
24520,0.99999726
24521,0.99999857
24522,1.6492719e-07
24523,0.99999976
24524,0.45678928
24525,5.0908224e-05
24526,1.7854501e-05
24527,0.9999987
24528,0.00016171872
24529,1.258985e-07
24530,1.1641975e-05
24531,0.9999999
24532,0.9999988
24533,1.0319379e-06
24534,0.99999905
24535,0.9999187
24536,0.9999534
24537,9.843724e-07
24538,0.99663156
24539,1.7113545e-05
24540,8.4959584e-07
24541,2.4408433e-07
24542,0.9999995
24543,2.4313945e-07
24544,7.14191e-08
24545,7.0480405e-06
24546,0.99999833
24547,3.7058482e-05
24548,1.364719e-07
24549,0.99999964
24550,2.4248482e-07
24551,0.99999535
24552,0.9999999
24553,1.6937454e-06
24554,7.558281e-08
24555,2.772677e-08
24556,0.5899272
24557,1.0
24558,3.1852906e-07
24559,1.5990909e-05
24560,0.99999034
24561,0.0001510546
24562,0.99999964
24563,0.9999876
24564,1.0
24565,6.100525e-06
24566,0.9999993
24567,0.9999976
24568,0.12666589
24569,1.3953168e-07
24570,2.049828e-06
24571,0.99999964
24572,1.1297426e-06
24573,0.9999999
24574,1.8579015e-06
24575,1.0
24576,0.0019206841
24577,1.431666e-08
24578,0.9999902
24579,0.9999999
24580,1.39837e-07
24581,0.9999993
24582,1.0
24583,0.9999925
24584,0.60883623
24585,0.9999981
24586,0.9999999
24587,1.2166496e-06
24588,2.776861e-06
24589,0.9999999
24590,4.0643505e-07
24591,1.0
24592,4.3661448e-08
24593,9.154687e-06
24594,4.1296772e-08
24595,0.99999857
24596,0.9999982
24597,2.6006144e-06
24598,0.9999918
24599,5.0485363e-07
24600,1.7446366e-07
24601,2.9412993e-08
24602,0.9999962
24603,1.7574148e-07
24604,1.9801244e-06
24605,4.8600867e-08
24606,0.99999964
24607,0.99999976
24608,1.07542085e-07
24609,0.99999976
24610,0.9999994
24611,0.9998838
24612,0.9999999
24613,0.99997497
24614,0.9999999
24615,0.9850573
24616,3.1598358e-08
24617,5.2341686e-05
24618,6.730313e-05
24619,0.9999999
24620,5.102048e-06
24621,1.4889276e-06
24622,1.9834039e-07
24623,0.9999994
24624,1.9314626e-07
24625,0.00043189985
24626,0.99999857
24627,2.6662438e-08
24628,1.0930529e-06
24629,0.9999932
24630,0.9999951
24631,2.0422289e-07
24632,0.99998915
24633,0.9999801
24634,2.8790484e-07
24635,0.9999969
24636,0.9999995
24637,1.0
24638,2.1490587e-07
24639,0.9999994
24640,1.0
24641,0.9999962
24642,0.99999964
24643,0.9999819
24644,0.99999845
24645,0.99999917
24646,0.9999957
24647,0.9999993
24648,0.9999999
24649,1.2317741e-05
24650,2.3233739e-05
24651,2.4391009e-06
24652,0.99799913
24653,0.9999974
24654,0.9999975
24655,0.99999213
24656,0.99999964
24657,0.9999819
24658,0.99999976
24659,7.61562e-07
24660,1.257569e-07
24661,7.6437425e-07
24662,1.834691e-08
24663,0.99999964
24664,1.2344196e-07
24665,0.7672335
24666,0.9999944
24667,1.2261305e-07
24668,0.56095487
24669,3.142894e-06
24670,0.9999999
24671,8.660787e-06
24672,0.9984004
24673,0.99997795
24674,0.00010583217
24675,5.1109255e-06
24676,1.718185e-07
24677,1.1672086e-06
24678,1.9501807e-07
24679,2.255229e-07
24680,1.0
24681,4.5841148e-07
24682,0.99999976
24683,8.5866105e-07
24684,0.9998795
24685,1.799045e-05
24686,0.9999944
24687,4.090133e-06
24688,0.9999994
24689,9.671169e-07
24690,4.776525e-05
24691,0.9999981
24692,1.0812332e-07
24693,0.9933931
24694,0.9999993
24695,0.9999963
24696,0.99999976
24697,7.3697454e-05
24698,2.2435806e-07
24699,0.9999994
24700,0.9995782
24701,1.0081869e-06
24702,0.9999994
24703,0.9999964
24704,1.4852207e-06
24705,5.7501907e-08
24706,5.847999e-06
24707,4.668256e-07
24708,0.99999654
24709,2.3798304e-07
24710,0.99999976
24711,0.999998
24712,1.5963217e-07
24713,7.979586e-06
24714,1.0
24715,0.99999917
24716,4.9125623e-07
24717,0.9999119
24718,0.9999995
24719,0.9999871
24720,2.9170687e-06
24721,0.97540003
24722,1.2009218e-07
24723,4.8675084e-08
24724,8.1713424e-08
24725,6.518606e-06
24726,0.9999999
24727,4.5152706e-07
24728,0.9999988
24729,0.99999607
24730,0.99999857
24731,3.06245e-05
24732,0.9999994
24733,1.6164375e-07
24734,0.9751972
24735,0.9999999
24736,0.99995005
24737,0.9999999
24738,0.9999999
24739,1.4752585e-06
24740,3.097086e-05
24741,2.6098789e-05
24742,0.99953663
24743,0.9999975
24744,7.826032e-06
24745,1.0
24746,0.9999863
24747,1.8671698e-06
24748,0.9999999
24749,5.128674e-06
24750,7.9711306e-08
24751,5.7970365e-06
24752,8.331924e-06
24753,2.3558717e-07
24754,1.0
24755,9.580357e-06
24756,2.1227761e-07
24757,0.9999987
24758,1.0
24759,0.99999964
24760,5.2653803e-08
24761,0.9999939
24762,1.7032202e-05
24763,0.99999833
24764,6.9247176e-07
24765,0.0024079573
24766,5.692094e-07
24767,1.5575193e-06
24768,4.693963e-05
24769,4.9820774e-06
24770,1.1392247e-08
24771,2.703586e-08
24772,7.454126e-08
24773,2.3381317e-06
24774,0.99974686
24775,3.2817884e-08
24776,7.2948064e-06
24777,0.0006526405
24778,0.00021626179
24779,0.99999523
24780,2.1582307e-08
24781,0.9999995
24782,1.0426402e-05
24783,1.2732704e-07
24784,3.0864496e-06
24785,0.99999976
24786,6.9898056e-07
24787,0.99999976
24788,0.9989157
24789,0.99999857
24790,2.103335e-06
24791,2.0395635e-06
24792,0.025300536
24793,7.1147974e-07
24794,0.99999416
24795,0.9999976
24796,5.4020666e-07
24797,3.0828487e-06
24798,8.469779e-09
24799,0.99999976
24800,2.0358661e-07
24801,1.0
24802,9.7168e-09
24803,0.9999691
24804,0.99687225
24805,0.9999995
24806,1.0
24807,7.6734495e-06
24808,0.9989667
24809,1.099557e-06
24810,0.9999982
24811,2.1615249e-07
24812,0.99999964
24813,0.9999708
24814,4.0170568e-07
24815,0.99999535
24816,1.7922335e-06
24817,0.9999933
24818,0.99674857
24819,3.7069557e-07
24820,0.99999976
24821,7.1016184e-06
24822,0.9999993
24823,0.99999976
24824,0.9999999
24825,2.602686e-07
24826,2.950596e-06
24827,3.945793e-07
24828,0.99999774
24829,3.1343363e-05
24830,0.9999974
24831,8.9450605e-06
24832,2.5439244e-08
24833,0.9999999
24834,2.4765712e-05
24835,0.99999535
24836,0.9997687
24837,3.6580466e-05
24838,0.99999917
24839,0.999997
24840,0.9999999
24841,0.99999666
24842,0.99999845
24843,0.99999976
24844,0.9999994
24845,4.9061866e-05
24846,1.5396189e-07
24847,0.99999976
24848,3.755319e-08
24849,0.9999999
24850,4.2692892e-07
24851,1.3316012e-06
24852,0.99999976
24853,0.9999982
24854,1.9137776e-06
24855,0.999998
24856,7.222072e-07
24857,2.9309278e-06
24858,8.480526e-06
24859,1.6135714e-06
24860,1.8592892e-06
24861,0.99909353
24862,1.0507569e-06
24863,0.99690634
24864,0.9999596
24865,3.4212776e-06
24866,0.0019256348
24867,1.0
24868,0.999995
24869,4.4124936e-06
24870,0.99999785
24871,0.9999999
24872,1.026141e-06
24873,0.99999523
24874,1.0
24875,1.5796737e-06
24876,0.9999944
24877,0.9999964
24878,0.99999225
24879,6.631533e-06
24880,0.9999993
24881,0.99996376
24882,2.849262e-07
24883,0.9993585
24884,0.9999994
24885,0.0018025897
24886,3.6610995e-08
24887,0.9999987
24888,0.27379698
24889,5.5262044e-06
24890,5.3195583e-07
24891,0.9999995
24892,8.278019e-06
24893,1.0
24894,1.6566064e-05
24895,0.99999654
24896,3.0115989e-05
24897,0.99999964
24898,1.1522467e-06
24899,3.093172e-07
24900,0.9999914
24901,1.3866702e-07
24902,0.9999896
24903,0.9999982
24904,1.0
24905,2.3049133e-05
24906,0.99999464
24907,0.00058828935
24908,0.9999999
24909,1.1780184e-05
24910,0.9999778
24911,0.999959
24912,0.90136194
24913,0.000338041
24914,0.9996425
24915,0.9997228
24916,2.2472763e-08
24917,1.1702738e-08
24918,0.99999857
24919,0.9999964
24920,1.9585326e-07
24921,5.9679537e-06
24922,1.2609609e-06
24923,0.9999999
24924,0.9999989
24925,1.0
24926,0.9998921
24927,2.759672e-06
24928,0.99993455
24929,0.9999831
24930,0.9999504
24931,3.187414e-08
24932,9.0716625e-09
24933,1.0
24934,1.7295414e-06
24935,4.2152933e-06
24936,0.9858415
24937,0.99999964
24938,0.9999994
24939,4.549071e-06
24940,4.5606816e-07
24941,8.616485e-07
24942,0.8692868
24943,0.99999833
24944,0.9999988
24945,0.9999999
24946,1.0
24947,3.6895435e-07
24948,0.9999949
24949,2.955333e-07
24950,0.9999999
24951,4.78046e-07
24952,1.5637253e-05
24953,3.1498686e-07
24954,6.586717e-07
24955,1.3777714e-06
24956,0.998938
24957,0.999846
24958,9.58107e-06
24959,0.9999776
24960,0.999859
24961,1.5747455e-08
24962,2.9522273e-05
24963,0.99999464
24964,5.0598057e-08
24965,1.00851685e-05
24966,0.9999968
24967,0.9999933
24968,2.0744495e-05
24969,1.0
24970,0.99999857
24971,7.974527e-06
24972,0.9999994
24973,0.99759763
24974,0.00010966198
24975,0.99998236
24976,0.99997365
24977,2.150943e-07
24978,0.9999999
24979,9.662451e-06
24980,2.9711387e-07
24981,2.674534e-07
24982,1.788869e-05
24983,0.99999917
24984,0.9999999
24985,0.99999976
24986,0.9999988
24987,2.5027211e-06
24988,4.162496e-07
24989,0.9999994
24990,0.97994703
24991,8.737392e-08
24992,5.403486e-06
24993,0.9999397
24994,4.3664204e-07
24995,0.00019965734
24996,1.2118312e-05
24997,4.0999e-06
24998,0.9999882
24999,0.9994885
25000,0.36544725
25001,2.1381048e-08
25002,0.99999976
25003,0.99999964
25004,0.99999976
25005,2.2692599e-05
25006,1.2909231e-05
25007,0.9999999
25008,1.0
25009,0.99999833
25010,0.99999976
25011,0.99999714
25012,3.6072222e-06
25013,5.3711083e-06
25014,0.99999976
25015,0.9999995
25016,1.1209915e-05
25017,0.99999976
25018,0.99999964
25019,2.0996347e-05
25020,0.99999976
25021,0.9999758
25022,0.9999999
25023,1.9997067e-08
25024,0.9999865
25025,0.99999297
25026,1.0101455e-05
25027,1.0
25028,0.99999654
25029,4.2609386e-07
25030,5.365648e-07
25031,0.9999993
25032,3.3318932e-07
25033,8.4874154e-07
25034,3.699889e-06
25035,0.99999774
25036,4.2659315e-07
25037,4.8784386e-07
25038,0.99999964
25039,1.0
25040,2.0926478e-07
25041,1.7301207e-07
25042,0.9999176
25043,1.0710316e-06
25044,2.861003e-07
25045,0.9991652
25046,1.0
25047,0.9999584
25048,9.2704653e-07
25049,1.0
25050,0.99999976
25051,0.99999726
25052,2.6686024e-07
25053,4.9411246e-06
25054,0.99999845
25055,0.99999964
25056,0.9999993
25057,0.99999976
25058,3.6310266e-07
25059,0.9999999
25060,3.8446793e-05
25061,0.9999939
25062,0.99999845
25063,1.8691528e-06
25064,0.9999994
25065,1.0
25066,0.99883956
25067,0.021625657
25068,0.99998796
25069,0.9999603
25070,8.049154e-07
25071,0.99999976
25072,4.2174466e-07
25073,7.8003166e-07
25074,0.6252603
25075,2.1288499e-05
25076,4.129792e-07
25077,0.9999999
25078,4.0883012e-07
25079,2.2033166e-07
25080,0.013210409
25081,0.9999999
25082,2.1349288e-05
25083,1.0045687e-05
25084,0.9999963
25085,2.3972429e-05
25086,0.99999297
25087,0.9999999
25088,0.9995665
25089,8.205418e-06
25090,0.9999995
25091,6.800199e-08
25092,0.99998915
25093,0.99999774
25094,0.9999579
25095,0.9999987
25096,0.99999976
25097,0.99999917
25098,9.743287e-06
25099,6.404898e-08
25100,0.99999547
25101,0.999992
25102,0.9999342
25103,3.4392575e-05
25104,0.9999993
25105,0.9999999
25106,1.7765406e-07
25107,4.2239428e-08
25108,0.99999905
25109,0.9999999
25110,8.6950145e-08
25111,4.1919895e-05
25112,1.0890991e-05
25113,6.3006732e-06
25114,1.0
25115,7.005194e-07
25116,2.2233651e-07
25117,0.9999994
25118,0.99999547
25119,2.097153e-07
25120,2.3898872e-08
25121,0.9999999
25122,2.126544e-06
25123,0.9999999
25124,0.9999993
25125,1.0
25126,8.206169e-09
25127,0.9999994
25128,0.0009812453
25129,4.1419367e-05
25130,0.9999999
25131,0.99998903
25132,3.0299175e-06
25133,5.299638e-05
25134,0.9999994
25135,2.1651966e-05
25136,3.3072816e-08
25137,0.99999666
25138,0.99999964
25139,0.9999975
25140,2.1027255e-08
25141,4.4857393e-06
25142,2.9893002e-07
25143,1.0
25144,0.9999975
25145,0.9999894
25146,9.585153e-08
25147,3.137399e-08
25148,2.532224e-05
25149,0.9999995
25150,6.589953e-07
25151,0.99999976
25152,0.9999993
25153,2.6970638e-06
25154,0.9999018
25155,2.493817e-07
25156,9.510558e-07
25157,2.2001932e-06
25158,0.99999976
25159,2.1340233e-07
25160,2.1624486e-07
25161,1.0
25162,5.1746388e-06
25163,1.2710279e-08
25164,1.0
25165,1.0401793e-06
25166,9.391143e-06
25167,0.001543586
25168,5.356897e-06
25169,0.99999857
25170,0.9999999
25171,1.3042604e-05
25172,0.998779
25173,8.866888e-06
25174,0.9998809
25175,4.271598e-08
25176,9.083163e-08
25177,0.9999964
25178,0.9985952
25179,0.99999905
25180,0.9999951
25181,0.9999993
25182,0.99999905
25183,1.7988652e-08
25184,1.0
25185,4.770336e-06
25186,0.9999901
25187,3.0103323e-08
25188,0.99999905
25189,2.950894e-06
25190,3.7178888e-06
25191,0.99998605
25192,0.9999995
25193,0.9999902
25194,0.99999964
25195,0.99999845
25196,1.0205159e-06
25197,0.9999999
25198,0.9999993
25199,0.99999917
25200,1.1262271e-05
25201,1.0
25202,0.99999297
25203,6.193303e-06
25204,0.9999999
25205,0.9999726
25206,5.192546e-07
25207,0.00079408014
25208,0.9999982
25209,8.2126064e-07
25210,1.2588949e-05
25211,1.6296219e-06
25212,0.9999949
25213,0.99995136
25214,0.99998486
25215,3.1774007e-06
25216,4.5874267e-06
25217,0.00046577063
25218,0.9999949
25219,3.1467914e-07
25220,7.7843115e-06
25221,0.99999845
25222,0.9999999
25223,0.99996066
25224,0.9989011
25225,5.234908e-08
25226,0.99999774
25227,1.1488409e-06
25228,1.5021634e-06
25229,0.9999999
25230,0.00015038862
25231,3.79193e-07
25232,0.009512044
25233,2.8196868e-07
25234,0.9999902
25235,2.9985273e-08
25236,0.9999999
25237,0.99999917
25238,0.999984
25239,0.9999957
25240,0.9999964
25241,6.889693e-07
25242,2.5188958e-06
25243,0.9998878
25244,3.5214407e-06
25245,2.7950096e-08
25246,0.99999917
25247,3.0746687e-08
25248,0.99999976
25249,4.7059515e-07
25250,0.9926311
25251,0.99999976
25252,0.9999993
25253,4.491225e-07
25254,3.0263368e-06
25255,0.9999999
25256,0.99998903
25257,0.9999999
25258,0.99999976
25259,2.9606614e-08
25260,1.5833532e-05
25261,1.24431035e-05
25262,4.833233e-07
25263,0.9999999
25264,7.184397e-09
25265,0.99999964
25266,0.99999976
25267,0.9999999
25268,2.663377e-08
25269,0.9999995
25270,0.000742018
25271,1.4643267e-06
25272,0.99999297
25273,0.9999964
25274,3.0798012e-06
25275,0.99897575
25276,5.7209153e-08
25277,0.99998784
25278,0.99999964
25279,2.1880485e-06
25280,0.99999595
25281,0.9999994
25282,0.99999964
25283,0.99999297
25284,0.99998546
25285,3.1057603e-08
25286,0.9999994
25287,0.0004477781
25288,0.9999999
25289,1.6560821e-07
25290,3.1721825e-07
25291,0.99999976
25292,1.4156255e-07
25293,5.424575e-07
25294,4.4473882e-07
25295,1.1558127e-06
25296,0.9999995
25297,0.9999999
25298,0.99999
25299,0.99994457
25300,9.916484e-06
25301,8.782571e-08
25302,7.729288e-07
25303,0.00010741141
25304,1.1219487e-05
25305,1.2746372e-07
25306,0.99998486
25307,0.9999999
25308,1.6495722e-05
25309,1.3782006e-05
25310,8.227021e-06
25311,0.0007578658
25312,8.4588663e-07
25313,0.9999548
25314,0.99999976
25315,0.9999999
25316,1.6967896e-06
25317,0.9999001
25318,0.9999993
25319,0.2583728
25320,2.1890806e-07
25321,0.99999726
25322,3.0311285e-06
25323,0.9999987
25324,1.1373094e-05
25325,4.7971585e-05
25326,1.6664308e-06
25327,1.1281971e-07
25328,3.809052e-07
25329,1.3635311e-05
25330,0.9999999
25331,3.0128338e-06
25332,1.0
25333,9.7307944e-05
25334,0.7916519
25335,0.9999987
25336,0.9999999
25337,0.9999999
25338,0.00036032888
25339,0.99999964
25340,1.7623737e-05
25341,1.0
25342,1.5322248e-06
25343,1.7676714e-07
25344,0.9999969
25345,0.9999995
25346,0.99999976
25347,1.0
25348,1.5865733e-07
25349,0.99996173
25350,0.9999325
25351,0.00034930487
25352,1.0629715e-06
25353,0.99999464
25354,1.0
25355,0.9999995
25356,3.7568603e-07
25357,5.3670163e-05
25358,0.9999999
25359,0.9999999
25360,0.99999297
25361,0.9999994
25362,8.25178e-06
25363,0.99999297
25364,7.2538005e-06
25365,4.3546146e-07
25366,8.6358295e-06
25367,0.9999778
25368,3.9480356e-06
25369,9.4229705e-08
25370,3.1908164e-06
25371,0.001831763
25372,5.7681255e-09
25373,0.99999976
25374,1.1582021e-07
25375,1.0
25376,5.2131174e-05
25377,0.99999905
25378,1.8080897e-07
25379,1.6376969e-06
25380,0.99999905
25381,7.514925e-05
25382,0.9999969
25383,0.99999964
25384,0.9999994
25385,1.1422533e-06
25386,0.99999404
25387,0.9999993
25388,1.6846993e-08
25389,0.9888601
25390,7.8937177e-07
25391,4.7079258e-08
25392,2.2583292e-06
25393,0.99999034
25394,5.4412743e-07
25395,0.9999906
25396,0.99999714
25397,0.99999654
25398,3.1612885e-08
25399,2.4216133e-06
25400,0.9999995
25401,0.9999994
25402,0.99982315
25403,0.99999833
25404,0.9999939
25405,1.0
25406,0.9999999
25407,3.7702325e-08
25408,5.7490954e-05
25409,1.0
25410,0.99997926
25411,0.00025576903
25412,2.685263e-07
25413,0.9999999
25414,0.9999857
25415,0.9999995
25416,0.00014737288
25417,3.0310167e-07
25418,1.01991006e-07
25419,0.000560465
25420,0.99993885
25421,0.9999995
25422,1.4788321e-06
25423,5.0566446e-06
25424,0.99999964
25425,1.8866821e-06
25426,1.0
25427,0.9999999
25428,1.0
25429,1.0
25430,0.9999999
25431,0.9999999
25432,0.0004414795
25433,0.00012802504
25434,3.993356e-07
25435,0.99978787
25436,2.2266114e-07
25437,0.99999297
25438,1.0
25439,1.23363195e-08
25440,1.0
25441,3.1421926e-06
25442,0.00093621906
25443,1.110331e-07
25444,3.935961e-08
25445,0.99999297
25446,7.1209727e-09
25447,0.9999893
25448,4.328536e-06
25449,3.7865525e-06
25450,2.1337262e-07
25451,0.99993074
25452,7.144702e-07
25453,0.99999285
25454,1.9074808e-07
25455,0.0002554174
25456,2.307023e-06
25457,1.0
25458,0.9999914
25459,1.0
25460,1.4217544e-07
25461,0.99999976
25462,4.3778576e-07
25463,6.471428e-05
25464,0.9999975
25465,1.5791133e-07
25466,0.9999912
25467,1.2868373e-08
25468,1.0
25469,3.5571876e-08
25470,0.9999995
25471,0.9999999
25472,5.033781e-05
25473,6.6555955e-08
25474,0.9999535
25475,0.99999964
25476,8.5374387e-07
25477,1.0
25478,1.5157593e-07
25479,8.723384e-09
25480,0.99999964
25481,0.9999999
25482,1.0
25483,0.9999838
25484,2.1874514e-05
25485,0.99999297
25486,0.9999989
25487,0.998473
25488,3.4089948e-07
25489,1.5876753e-07
25490,1.3873391e-05
25491,1.0
25492,0.9999962
25493,2.2792126e-05
25494,2.3169468e-06
25495,0.99999714
25496,0.99999833
25497,0.99999726
25498,0.9999956
25499,0.9999964
25500,4.4908266e-08
25501,2.6764783e-06
25502,0.99999964
25503,0.99999535
25504,1.9489069e-05
25505,0.99999523
25506,0.9998325
25507,0.99999523
25508,1.0
25509,1.8988138e-06
25510,0.9999964
25511,0.9997714
25512,0.9999987
25513,1.0
25514,0.00019784662
25515,1.6688896e-06
25516,0.99999845
25517,4.8294953e-07
25518,1.8069366e-07
25519,0.9999999
25520,0.9999999
25521,1.7521312e-06
25522,1.0
25523,1.8077515e-06
25524,0.99999964
25525,6.732914e-06
25526,0.9999999
25527,0.0006344138
25528,2.5405575e-07
25529,0.99999416
25530,1.1122154e-07
25531,2.7184399e-06
25532,1.0
25533,2.0724762e-08
25534,0.91847354
25535,0.9961759
25536,0.99999964
25537,2.7788621e-05
25538,0.9999993
25539,4.5154e-07
25540,1.3671939e-05
25541,0.99999976
25542,1.728213e-05
25543,0.99999976
25544,0.9999999
25545,0.08920084
25546,0.9999994
25547,0.99999917
25548,3.34002e-06
25549,0.98259
25550,3.1974616e-07
25551,0.9999993
25552,1.5945308e-07
25553,6.125821e-06
25554,2.2241636e-08
25555,5.1095462e-06
25556,0.99998724
25557,3.508742e-07
25558,0.999992
25559,0.99999356
25560,3.4870183e-05
25561,0.99997175
25562,0.9999939
25563,9.061429e-08
25564,3.4612597e-06
25565,2.113871e-07
25566,0.99997294
25567,5.1476775e-08
25568,0.9999999
25569,0.99999964
25570,0.9999999
25571,4.7722967e-08
25572,1.0
25573,0.9665599
25574,3.112491e-05
25575,1.0
25576,0.99999845
25577,0.99999964
25578,2.6328282e-06
25579,0.9999999
25580,0.00030292806
25581,1.0
25582,5.5566636e-07
25583,0.9986217
25584,0.9999995
25585,3.1655163e-05
25586,3.1645877e-06
25587,0.9999945
25588,4.25522e-05
25589,2.3990447e-07
25590,3.288748e-07
25591,0.99999726
25592,5.482509e-06
25593,2.6228813e-06
25594,1.3229545e-06
25595,1.0
25596,4.820256e-06
25597,0.9999932
25598,0.9999988
25599,0.005465489
25600,1.0
25601,0.9999976
25602,3.6455235e-06
25603,0.99999976
25604,0.11722496
25605,1.1094891e-06
25606,1.8508964e-06
25607,3.8535913e-07
25608,0.99999857
25609,0.99999297
25610,1.2998693e-06
25611,0.99999964
25612,1.0
25613,3.9247726e-07
25614,0.99999964
25615,1.86557e-07
25616,6.0091827e-07
25617,1.0446519e-06
25618,1.0077814e-06
25619,2.022585e-05
25620,0.99999976
25621,3.0442889e-05
25622,0.999995
25623,0.9999994
25624,0.99999976
25625,0.9999999
25626,0.99999917
25627,0.9999999
25628,4.6356172e-07
25629,0.99999976
25630,0.99999297
25631,0.99999964
25632,0.99999964
25633,0.99999976
25634,0.99999857
25635,0.9999999
25636,8.546065e-07
25637,2.6870023e-07
25638,2.8610257e-05
25639,0.9999887
25640,1.0
25641,4.3747597e-05
25642,1.6433291e-06
25643,1.0
25644,3.2746093e-06
25645,0.999987
25646,0.0013645262
25647,3.6099445e-06
25648,4.1755115e-06
25649,0.999985
25650,0.23482451
25651,2.1506827e-07
25652,0.00025098186
25653,0.9999999
25654,8.545414e-07
25655,0.99999905
25656,0.9999968
25657,2.3816558e-07
25658,0.99999535
25659,7.555613e-07
25660,6.316769e-07
25661,0.0001174573
25662,1.0
25663,0.9971668
25664,1.8511793e-07
25665,1.6593547e-06
25666,1.0
25667,4.991037e-06
25668,1.1548083e-05
25669,1.9203419e-05
25670,1.5016977e-07
25671,1.1429169e-06
25672,0.9999999
25673,0.99961394
25674,1.9379571e-05
25675,5.728882e-06
25676,3.0513058e-06
25677,2.527091e-06
25678,0.9989785
25679,3.487201e-05
25680,1.0522054e-05
25681,0.99999976
25682,0.9999895
25683,2.3508248e-06
25684,1.030171e-06
25685,0.99999654
25686,0.99999297
25687,3.6476404e-08
25688,0.99999607
25689,4.8633694e-08
25690,3.2249177e-06
25691,1.1945089e-05
25692,9.563203e-08
25693,1.0204001e-06
25694,0.99997914
25695,0.9999987
25696,2.9074153e-07
25697,0.9999851
25698,3.8541353e-07
25699,1.0
25700,1.0
25701,4.708461e-07
25702,0.99999964
25703,6.8423724e-06
25704,3.5482265e-07
25705,6.334913e-06
25706,0.9999399
25707,8.659481e-08
25708,0.9999999
25709,0.013439081
25710,0.99999857
25711,0.99999905
25712,0.9999994
25713,8.639751e-06
25714,0.9999778
25715,0.99999976
25716,3.4639437e-05
25717,1.0
25718,0.9999999
25719,3.162488e-06
25720,0.99807775
25721,2.6179705e-05
25722,2.952163e-05
25723,2.8506206e-06
25724,0.99998724
25725,0.9999957
25726,1.0
25727,1.2235622e-06
25728,2.8157555e-07
25729,4.9599616e-06
25730,0.99999905
25731,0.9999999
25732,0.9999999
25733,4.059329e-06
25734,0.9999999
25735,4.933276e-07
25736,1.273711e-05
25737,0.9999926
25738,3.6356005e-06
25739,0.99999976
25740,0.9999993
25741,4.5811357e-06
25742,4.5723525e-07
25743,0.99948126
25744,8.2348566e-07
25745,5.1480447e-06
25746,5.011915e-07
25747,0.99999535
25748,2.2515149e-08
25749,5.5892707e-07
25750,0.99943405
25751,0.999997
25752,0.9999989
25753,1.0
25754,4.319554e-06
25755,0.99992704
25756,0.99999785
25757,1.0
25758,3.0260278e-06
25759,2.6592306e-06
25760,2.845569e-07
25761,0.9999964
25762,0.9999999
25763,0.99999285
25764,0.9996784
25765,3.5338843e-07
25766,3.2308202e-07
25767,0.9999999
25768,0.99999297
25769,0.9999994
25770,0.00285133
25771,2.2530807e-05
25772,0.99999607
25773,2.4783586e-07
25774,5.3482604e-06
25775,4.6906544e-07
25776,2.8645795e-07
25777,1.0285271e-07
25778,1.1442753e-07
25779,4.1801105e-08
25780,0.9999999
25781,2.436215e-07
25782,0.99999964
25783,1.0
25784,7.843567e-07
25785,1.1057893e-07
25786,1.3583106e-08
25787,1.0
25788,0.9999976
25789,0.9999994
25790,1.6543126e-07
25791,0.99999964
25792,1.3041054e-07
25793,0.9975625
25794,6.5314346e-08
25795,2.6536666e-08
25796,7.844884e-07
25797,0.99962485
25798,3.7977458e-07
25799,0.99999905
25800,0.9999999
25801,8.1125e-07
25802,0.99999964
25803,3.4505683e-05
25804,1.8853656e-06
25805,2.1677772e-08
25806,0.00051646814
25807,0.9999999
25808,0.99989235
25809,3.749701e-07
25810,0.99999964
25811,0.99999976
25812,0.094856404
25813,3.4482767e-08
25814,0.9999999
25815,0.9898297
25816,5.938803e-05
25817,1.0
25818,1.0
25819,0.9999881
25820,0.9999995
25821,2.149706e-05
25822,0.99999297
25823,2.4812066e-06
25824,0.9999999
25825,0.9999993
25826,0.99999785
25827,6.0717196e-07
25828,6.173903e-07
25829,3.65813e-07
25830,9.617968e-09
25831,0.99999976
25832,1.0657293e-06
25833,1.11596606e-07
25834,7.0905145e-07
25835,1.1749767e-07
25836,0.99999964
25837,2.8850696e-08
25838,7.714405e-07
25839,1.9684325e-07
25840,2.604029e-06
25841,0.0010420544
25842,0.99999475
25843,1.0
25844,0.9999994
25845,0.99999917
25846,0.9999995
25847,8.9082434e-08
25848,9.101024e-08
25849,0.9999999
25850,0.99999905
25851,2.6559587e-06
25852,4.0032165e-07
25853,0.9999993
25854,3.4619816e-07
25855,1.5082554e-07
25856,0.00030429312
25857,0.9999758
25858,8.602292e-08
25859,4.8155147e-07
25860,3.2005944e-05
25861,0.9999964
25862,5.553072e-07
25863,0.9999932
25864,1.0630114e-05
25865,2.5770847e-08
25866,0.9999964
25867,0.999995
25868,2.901598e-06
25869,0.9999993
25870,5.2062696e-06
25871,0.9999995
25872,2.0827542e-07
25873,0.99999857
25874,0.99999905
25875,0.99999535
25876,8.641447e-08
25877,2.7148335e-06
25878,5.6473305e-06
25879,0.87976205
25880,4.2772213e-06
25881,1.1143495e-07
25882,4.61958e-07
25883,1.5077004e-06
25884,3.60423e-07
25885,0.99999976
25886,0.99999714
25887,0.9999989
25888,0.9999356
25889,0.05193877
25890,0.99999297
25891,0.99999547
25892,0.999982
25893,0.00035473754
25894,3.9744914e-06
25895,0.99999297
25896,1.0
25897,1.0488562e-05
25898,1.0
25899,0.9999913
25900,0.99999976
25901,7.026412e-08
25902,0.9999999
25903,4.802866e-05
25904,5.359792e-07
25905,0.99995255
25906,2.8715922e-07
25907,4.146212e-07
25908,1.0
25909,0.9999976
25910,5.2552275e-07
25911,3.425386e-08
25912,1.0
25913,0.000118650314
25914,0.00904757
25915,0.99999917
25916,0.9999993
25917,0.99993813
25918,0.99999905
25919,0.99999547
25920,0.9999995
25921,0.99999774
25922,0.9999989
25923,0.41470253
25924,7.598216e-07
25925,3.080079e-05
25926,5.677618e-08
25927,0.99982613
25928,9.3550454e-08
25929,0.99999726
25930,2.1108644e-06
25931,4.660357e-06
25932,8.0113816e-05
25933,7.564352e-08
25934,0.9994343
25935,0.9999995
25936,0.9999994
25937,0.99999976
25938,8.50357e-07
25939,0.00021754277
25940,0.99805355
25941,0.99999917
25942,4.8928072e-08
25943,0.9999999
25944,0.99999976
25945,0.9999999
25946,0.9999993
25947,0.99999976
25948,8.5771906e-05
25949,8.3444145e-05
25950,0.9999521
25951,0.99999297
25952,0.9999999
25953,1.1816032e-07
25954,1.0
25955,4.9812706e-07
25956,6.301499e-07
25957,0.0005327079
25958,0.9998597
25959,3.8437878e-07
25960,2.3135855e-05
25961,0.99956256
25962,3.0545445e-07
25963,0.99991894
25964,4.676634e-06
25965,8.474951e-05
25966,2.998167e-08
25967,0.9999999
25968,0.00032765084
25969,1.4927979e-06
25970,0.9999994
25971,6.235882e-08
25972,0.9999981
25973,2.0902788e-05
25974,0.99999857
25975,2.0526489e-08
25976,2.9593522e-07
25977,1.1699223e-06
25978,5.788054e-07
25979,7.218588e-07
25980,2.7115373e-06
25981,0.99999785
25982,0.013220221
25983,2.7258386e-07
25984,2.6333828e-07
25985,7.2624067e-07
25986,0.99999785
25987,4.653486e-06
25988,2.0812682e-05
25989,0.99999976
25990,1.5008732e-06
25991,5.2756953e-08
25992,0.9999999
25993,2.4892056e-06
25994,1.0912406e-06
25995,0.00013102731
25996,1.0244652e-06
25997,2.4062763e-07
25998,0.9999052
25999,7.1405516e-06
